data_name,Variable ID A,Variable ID B,Relationship,Source organisation,Justification - quantifiable,Relationship Strength,Weblink
Apr_2023,n_165,n_164,Same,,,High,
Apr_2023,n_165,n_214,Same,,,Medium,
Apr_2023,n_167,n_176,Same,,,Medium,
Apr_2023,n_168,n_183,Opposite,,,Medium,
Apr_2023,n_169,n_170,Same,,,Medium,
Apr_2023,n_170,n_182,Opposite,,,Medium,
Apr_2023,n_171,n_170,Same,,,High,
Apr_2023,n_171,n_165,Same,,,High,
Apr_2023,n_186,n_187,Opposite,,,Low,
Apr_2023,n_173,n_178,Same,,,High,
Apr_2023,n_174,n_167,Same,,,High,
Apr_2023,n_174,n_177,Same,,,High,
Apr_2023,n_174,n_245,Opposite,,,Medium,
Apr_2023,n_174,n_181,Same,,,High,
Apr_2023,n_174,n_172,Same,,,Medium,
Apr_2023,n_175,n_191,Opposite,,,Low,
Apr_2023,n_175,n_179,Opposite,,,High,
Apr_2023,n_175,n_183,Same,,,Medium,
Apr_2023,n_176,n_168,Opposite,,,Low,
Apr_2023,n_176,n_173,Opposite,,,Low,
Apr_2023,n_176,n_179,Opposite,,,Low,
Apr_2023,n_176,n_185,Same,,,Low,
Apr_2023,n_177,n_173,Opposite,,,Medium,
Apr_2023,n_177,n_180,Same,,,Medium,
Apr_2023,n_178,n_174,Opposite,,,Medium,
Apr_2023,n_178,n_236,Opposite,,,Medium,
Apr_2023,n_179,n_178,Same,,,Medium,
Apr_2023,n_179,n_165,Same,,,High,
Apr_2023,n_180,n_168,Opposite,,,Low,
Apr_2023,n_180,n_173,Opposite,,,Medium,
Apr_2023,n_181,n_167,Same,,,Medium,
Apr_2023,n_181,n_188,Same,,,Medium,
Apr_2023,n_181,n_191,Same,,,Medium,
Apr_2023,n_181,n_183,Same,,,Low,
Apr_2023,n_182,n_191,Same,,,Medium,
Apr_2023,n_183,n_174,Same,,,Medium,
Apr_2023,n_184,n_174,Same,,,Low,
Apr_2023,n_185,n_175,Same,,,Medium,
Apr_2023,n_187,n_193,Same,,,High,
Apr_2023,n_188,n_200,Opposite,,,Medium,
Apr_2023,n_189,n_188,Same,,,Medium,
Apr_2023,n_190,n_191,Same,,,High,
Apr_2023,n_191,n_193,Same,,,High,
Apr_2023,n_191,n_200,Same,,,Medium,
Apr_2023,n_192,n_171,Same,,,High,
Apr_2023,n_192,n_179,Same,,,High,
Apr_2023,n_193,n_163,Opposite,,,Medium,
Apr_2023,n_193,n_166,Same,,,High,
Apr_2023,n_194,n_200,Opposite,,,Medium,
Apr_2023,n_195,n_188,Same,,,Medium,
Apr_2023,n_195,n_196,Same,,,Low,
Apr_2023,n_196,n_191,Opposite,,,Low,
Apr_2023,n_197,n_187,Same,,,Low,
Apr_2023,n_198,n_192,Same,,,Low,
Apr_2023,n_199,n_187,Opposite,,,High,
Apr_2023,n_200,n_192,Same,,,Medium,
Apr_2023,n_200,n_197,Same,,,Medium,
Apr_2023,n_200,n_198,Same,,,Medium,
Apr_2023,n_202,n_191,Same,,,High,
Apr_2023,n_202,n_234,Same,,,High,
Apr_2023,n_202,n_165,Same,,,High,
Apr_2023,n_203,n_202,Same,,,High,
Apr_2023,n_204,n_203,Same,,,Medium,
Apr_2023,n_205,n_203,Same,,,High,
Apr_2023,n_206,n_216,Opposite,,,Medium,
Apr_2023,n_207,n_216,Opposite,,,Medium,
Apr_2023,n_208,n_210,Same,,,Medium,
Apr_2023,n_209,n_203,Opposite,,,Low,
Apr_2023,n_210,n_203,Opposite,,,Medium,
Apr_2023,n_210,n_205,Same,,,Low,
Apr_2023,n_210,n_184,Same,,,Medium,
Apr_2023,n_211,n_201,Same,,,High,
Apr_2023,n_211,n_188,Same,,,High,
Apr_2023,n_211,n_209,Same,,,Low,
Apr_2023,n_212,n_208,Same,,,Medium,
Apr_2023,n_213,n_209,Same,,,Low,
Apr_2023,n_214,n_208,Same,,,Low,
Apr_2023,n_214,n_209,Same,,,Medium,
Apr_2023,n_214,n_211,Same,,,Medium,
Apr_2023,n_214,n_215,Same,,,Medium,
Apr_2023,n_214,n_205,Opposite,,,Medium,
Apr_2023,n_215,n_216,Same,,,Medium,
Apr_2023,n_216,n_210,Same,,,High,
Apr_2023,n_217,n_220,Same,,,High,
Apr_2023,n_217,n_224,Same,,,Medium,
Apr_2023,n_218,n_217,Same,,,Medium,
Apr_2023,n_219,n_224,Same,,,Low,
Apr_2023,n_220,n_163,Opposite,,,Low,
Apr_2023,n_220,n_221,Same,,,High,
Apr_2023,n_220,n_226,Same,,,High,
Apr_2023,n_220,n_228,Same,,,Low,
Apr_2023,n_221,n_186,Same,,,High,
Apr_2023,n_221,n_232,Same,,,High,
Apr_2023,n_222,n_224,Same,,,Medium,
Apr_2023,n_222,n_229,Same,,,Medium,
Apr_2023,n_223,n_230,Same,,,High,
Apr_2023,n_224,n_231,Same,,,Medium,
Apr_2023,n_225,n_221,Opposite,,,Medium,
Apr_2023,n_226,n_166,Opposite,,,Low,
Apr_2023,n_227,n_233,Same,,,High,
Apr_2023,n_227,n_191,Same,,,Low,
Apr_2023,n_227,n_234,Same,,,Low,
Apr_2023,n_228,n_224,Same,,,Medium,
Apr_2023,n_229,n_166,Same,,,Low,
Apr_2023,n_229,n_217,Same,,,Medium,
Apr_2023,n_230,n_163,Opposite,,,Medium,
Apr_2023,n_230,n_166,Same,,,High,
Apr_2023,n_231,n_219,Same,,,High,
Apr_2023,n_231,n_220,Same,,,High,
Apr_2023,n_231,n_229,Same,,,Medium,
Apr_2023,n_232,n_223,Opposite,,,Medium,
Apr_2023,n_233,n_223,Opposite,,,Medium,
Apr_2023,n_236,n_174,Same,,,Medium,
Apr_2023,n_236,n_182,Same,,,Low,
Apr_2023,n_237,n_176,Opposite,,,Low,
Apr_2023,n_238,n_242,Same,,,Medium,
Apr_2023,n_239,n_243,Opposite,,,Low,
Apr_2023,n_239,n_234,Opposite,,,Low,
Apr_2023,n_240,n_237,Same,,,High,
Apr_2023,n_240,n_241,Same,,,High,
Apr_2023,n_240,n_245,Same,,,Medium,
Apr_2023,n_241,n_238,Opposite,,,Low,
Apr_2023,n_241,n_180,Opposite,,,Low,
Apr_2023,n_242,n_236,Same,,,High,
Apr_2023,n_242,n_240,Opposite,,,Medium,
Apr_2023,n_243,n_242,Same,,,High,
Apr_2023,n_243,n_165,Same,,,High,
Apr_2023,n_234,n_244,Same,,,Medium,
Apr_2023,n_234,n_230,Same,,,High,
Apr_2023,n_244,n_243,Same,,,High,
Apr_2023,n_244,n_224,Same,,,Medium,
Apr_2023,n_245,n_237,Same,,,High,
Apr_2023,n_245,n_234,Same,,,High,
Apr_2023,n_245,n_235,Opposite,,,Low,
Apr_2023,n_246,n_251,Same,,,Medium,
Apr_2023,n_247,n_246,Same,,,Medium,
Apr_2023,n_247,n_248,Same,,,Medium,
Apr_2023,n_247,n_188,Same,,,Medium,
Apr_2023,n_247,n_167,Same,,,Low,
Apr_2023,n_247,n_191,Same,,,Medium,
Apr_2023,n_247,n_254,Same,,,Low,
Apr_2023,n_248,n_252,Opposite,,,Medium,
Apr_2023,n_249,n_191,Opposite,,,Low,
Apr_2023,n_249,n_234,Same,,,Medium,
Apr_2023,n_250,n_247,Same,,,High,
Apr_2023,n_250,n_248,Same,,,Medium,
Apr_2023,n_250,n_249,Opposite,,,Low,
Apr_2023,n_250,n_253,Same,,,Medium,
Apr_2023,n_251,n_250,Same,,,Medium,
Apr_2023,n_252,n_251,Opposite,,,Medium,
Apr_2023,n_253,n_252,Opposite,,,Medium,
Apr_2023,n_254,n_191,Opposite,,,Medium,
Apr_2023,n_458,n_165,Same,,,Low,
Apr_2023,n_165,n_459,Opposite,,,Low,
Apr_2023,n_459,n_216,Same,,,Medium,
Apr_2023,n_459,n_174,Same,,,Medium,
Apr_2023,n_460,n_216,Same,,,Low,
Apr_2023,n_460,n_174,Same,,,Low,
Apr_2023,n_459,n_461,Same,,,Medium,
Apr_2023,n_461,n_210,Same,,,Medium,
Apr_2023,n_462,n_208,Same,,,High,
Apr_2023,n_462,n_216,Same,,,High,
Apr_2023,n_463,n_206,Same,,,Medium,
Apr_2023,n_464,n_206,Opposite,,,Medium,
Apr_2023,n_464,n_207,Opposite,,,Medium,
Apr_2023,n_216,n_464,Same,,,Medium,
Apr_2023,n_465,n_216,Same,,,Medium,
Apr_2023,n_466,n_207,Opposite,,,Low,
Apr_2023,n_466,n_465,Same,,,Medium,
Apr_2023,n_466,n_215,Same,,,Medium,
Apr_2023,n_467,n_465,Same,,,Low,
Apr_2023,n_205,n_215,Opposite,,,Low,
Apr_2023,n_468,n_183,Same,,,Medium,
Apr_2023,n_2,n_20,Same,,,Low,
Apr_2023,n_3,n_21,Same,,,Medium,
Apr_2023,n_4,n_17,Same,,,Medium,
Apr_2023,n_4,n_25,Opposite,,,Low,
Apr_2023,n_4,n_28,Opposite,,,Low,
Apr_2023,n_5,n_31,Same,,,High,
Apr_2023,n_5,n_34,Same,,,High,
Apr_2023,n_6,n_49,Same,,,Medium,
Apr_2023,n_7,n_17,Same,,,Medium,
Apr_2023,n_7,n_62,Same,,,Low,
Apr_2023,n_8,n_7,Same,,,Low,
Apr_2023,n_8,n_18,Same,,,High,
Apr_2023,n_9,n_5,Opposite,,,Low,
Apr_2023,n_9,n_158,Opposite,,,Low,
Apr_2023,n_9,n_35,Same,,,Low,
Apr_2023,n_10,n_35,Opposite,,,Low,
Apr_2023,n_10,n_19,Same,,,Medium,
Apr_2023,n_11,n_4,Same,,,Medium,
Apr_2023,n_11,n_24,Same,,,Medium,
Apr_2023,n_11,n_73,Opposite,,,Low,
Apr_2023,n_11,n_158,Same,,,Medium,
Apr_2023,n_12,n_38,Same,,,Low,
Apr_2023,n_13,n_14,Opposite,,,Medium,
Apr_2023,n_13,n_24,Opposite,,,Medium,
Apr_2023,n_14,n_38,Same,,,Low,
Apr_2023,n_16,n_40,Same,,,Medium,
Apr_2023,n_17,n_2,Same,,,Medium,
Apr_2023,n_17,n_21,Opposite,,,Low,
Apr_2023,n_18,n_17,Same,,,Low,
Apr_2023,n_19,n_77,Same,,,Medium,
Apr_2023,n_20,n_62,Same,,,Medium,
Apr_2023,n_20,n_52,Same,,,Medium,
Apr_2023,n_20,n_30,Same,,,Medium,
Apr_2023,n_20,n_26,Opposite,,,Medium,
Apr_2023,n_20,n_162,Same,,,Low,
Apr_2023,n_21,n_32,Same,,,Medium,
Apr_2023,n_21,n_8,Same,,,Medium,
Apr_2023,n_22,n_39,Same,,,Medium,
Apr_2023,n_23,n_39,Same,,,Low,
Apr_2023,n_24,n_38,Same,,,Low,
Apr_2023,n_25,n_12,Same,,,High,
Apr_2023,n_25,n_15,Same,,,High,
Apr_2023,n_26,n_4,Same,,,Medium,
Apr_2023,n_26,n_5,Same,,,Medium,
Apr_2023,n_26,n_14,Same,,,Low,
Apr_2023,n_26,n_18,Same,,,Low,
Apr_2023,n_26,n_24,Same,,,Low,
Apr_2023,n_27,n_16,Same,,,Low,
Apr_2023,n_27,n_17,Same,,,Low,
Apr_2023,n_28,n_162,Opposite,,,High,
Apr_2023,n_29,n_7,Same,,,Medium,
Apr_2023,n_29,n_61,Same,,,Low,
Apr_2023,n_29,n_2,Same,,,Low,
Apr_2023,n_30,n_4,Opposite,,,Medium,
Apr_2023,n_30,n_5,Opposite,,,Medium,
Apr_2023,n_30,n_14,Opposite,,,Low,
Apr_2023,n_30,n_77,Same,,,Medium,
Apr_2023,n_31,n_151,Same,,,Medium,
Apr_2023,n_31,n_38,Same,,,Medium,
Apr_2023,n_32,n_20,Same,,,Medium,
Apr_2023,n_33,n_11,Same,,,Low,
Apr_2023,n_33,n_14,Opposite,,,Low,
Apr_2023,n_33,n_28,Opposite,,,Low,
Apr_2023,n_34,n_151,Same,,,Medium,
Apr_2023,n_34,n_10,Same,,,Low,
Apr_2023,n_35,n_4,Same,,,Low,
Apr_2023,n_36,n_63,Same,,,Low,
Apr_2023,n_36,n_84,Same,,,Low,
Apr_2023,n_36,n_125,Same,,,Low,
Apr_2023,n_36,n_66,Same,,,Low,
Apr_2023,n_36,n_20,Same,,,Low,
Apr_2023,n_36,n_116,Same,,,Low,
Apr_2023,n_36,n_30,Same,,,Low,
Apr_2023,n_36,n_77,Same,,,Low,
Apr_2023,n_37,n_21,Opposite,,,Medium,
Apr_2023,n_38,n_1,Same,,,Medium,
Apr_2023,n_39,n_25,Same,,,High,
Apr_2023,n_39,n_40,Same,,,High,
Apr_2023,n_40,n_5,Same,,,High,
Apr_2023,n_40,n_6,Same,,,High,
Apr_2023,n_40,n_11,Same,,,Medium,
Apr_2023,n_40,n_112,Same,,,Medium,
Apr_2023,n_40,n_28,Same,,,High,
Apr_2023,n_40,n_38,Same,,,High,
Apr_2023,n_41,n_43,Same,,,High,
Apr_2023,n_41,n_46,Same,,,High,
Apr_2023,n_41,n_51,Same,,,Low,
Apr_2023,n_41,n_54,Same,,,High,
Apr_2023,n_42,n_49,Same,,,Medium,
Apr_2023,n_42,n_151,Same,,,Low,
Apr_2023,n_42,n_45,Same,,,Medium,
Apr_2023,n_42,n_70,Opposite,,,Low,
Apr_2023,n_42,n_73,Opposite,,,Low,
Apr_2023,n_42,n_56,Same,,,Medium,
Apr_2023,n_43,n_64,Opposite,,,Medium,
Apr_2023,n_43,n_31,Opposite,,,Medium,
Apr_2023,n_44,n_50,Opposite,,,Medium,
Apr_2023,n_44,n_51,Same,,,Medium,
Apr_2023,n_44,n_53,Same,,,Medium,
Apr_2023,n_44,n_54,Same,,,High,
Apr_2023,n_44,n_55,Same,,,High,
Apr_2023,n_44,n_64,Opposite,,,Medium,
Apr_2023,n_44,n_56,Opposite,,,Medium,
Apr_2023,n_45,n_1,Opposite,,,Medium,
Apr_2023,n_45,n_51,Same,,,Low,
Apr_2023,n_46,n_1,Opposite,,,Medium,
Apr_2023,n_46,n_51,Same,,,Low,
Apr_2023,n_47,n_42,Same,,,Medium,
Apr_2023,n_47,n_39,Same,,,Low,
Apr_2023,n_47,n_61,Same,,,Medium,
Apr_2023,n_48,n_59,Same,,,Medium,
Apr_2023,n_49,n_59,Same,,,Medium,
Apr_2023,n_50,n_1,Same,,,Medium,
Apr_2023,n_51,n_47,Same,,,High,
Apr_2023,n_52,n_42,Same,,,Medium,
Apr_2023,n_52,n_61,Same,,,Medium,
Apr_2023,n_53,n_60,Same,,,Medium,
Apr_2023,n_54,n_146,Same,,,Low,
Apr_2023,n_54,n_73,Opposite,,,Medium,
Apr_2023,n_55,n_50,Opposite,,,Low,
Apr_2023,n_56,n_1,Same,,,Low,
Apr_2023,n_57,n_50,Opposite,,,Medium,
Apr_2023,n_57,n_54,Same,,,High,
Apr_2023,n_58,n_49,Same,,,Low,
Apr_2023,n_58,n_79,Opposite,,,Medium,
Apr_2023,n_58,n_38,Opposite,,,Low,
Apr_2023,n_59,n_41,Same,,,Medium,
Apr_2023,n_60,n_44,Same,,,Medium,
Apr_2023,n_61,n_56,Same,,,Medium,
Apr_2023,n_61,n_127,Same,,,Medium,
Apr_2023,n_61,n_60,Same,,,Medium,
Apr_2023,n_62,n_66,Same,,,Low,
Apr_2023,n_62,n_76,Same,,,Medium,
Apr_2023,n_62,n_79,Same,,,Low,
Apr_2023,n_62,n_63,Same,,,Low,
Apr_2023,n_63,n_151,Opposite,,,Low,
Apr_2023,n_63,n_101,Same,,,Medium,
Apr_2023,n_63,n_127,Same,,,Low,
Apr_2023,n_63,n_79,Same,,,Low,
Apr_2023,n_64,n_70,Same,,,Low,
Apr_2023,n_65,n_74,Opposite,,,High,
Apr_2023,n_66,n_151,Opposite,,,Medium,
Apr_2023,n_66,n_71,Opposite,,,Medium,
Apr_2023,n_66,n_156,Same,,,Medium,
Apr_2023,n_66,n_76,Same,,,Medium,
Apr_2023,n_66,n_79,Same,,,Medium,
Apr_2023,n_67,n_151,Opposite,,,Low,
Apr_2023,n_67,n_31,Opposite,,,Low,
Apr_2023,n_68,n_70,Opposite,,,Medium,
Apr_2023,n_68,n_161,Opposite,,,Medium,
Apr_2023,n_69,n_72,Same,,,Medium,
Apr_2023,n_69,n_80,Same,,,Medium,
Apr_2023,n_70,n_80,Same,,,High,
Apr_2023,n_70,n_73,Same,,,Medium,
Apr_2023,n_71,n_70,Opposite,,,Medium,
Apr_2023,n_72,n_70,Same,,,Medium,
Apr_2023,n_72,n_71,Opposite,,,Low,
Apr_2023,n_72,n_162,Opposite,,,Medium,
Apr_2023,n_73,n_75,Same,,,Medium,
Apr_2023,n_74,n_1,Same,,,Medium,
Apr_2023,n_76,n_151,Opposite,,,Medium,
Apr_2023,n_76,n_70,Same,,,Medium,
Apr_2023,n_76,n_73,Same,,,Low,
Apr_2023,n_76,n_101,Same,,,Medium,
Apr_2023,n_76,n_131,Same,,,Low,
Apr_2023,n_76,n_79,Same,,,Low,
Apr_2023,n_77,n_79,Same,,,Medium,
Apr_2023,n_78,n_79,Opposite,,,Medium,
Apr_2023,n_78,n_161,Opposite,,,Low,
Apr_2023,n_79,n_65,Same,,,High,
Apr_2023,n_79,n_157,Same,,,Medium,
Apr_2023,n_79,n_31,Opposite,,,Medium,
Apr_2023,n_79,n_35,Same,,,Low,
Apr_2023,n_80,n_161,Same,,,Low,
Apr_2023,n_81,n_92,Opposite,,,Low,
Apr_2023,n_82,n_89,Opposite,,,Low,
Apr_2023,n_82,n_22,Same,,,Low,
Apr_2023,n_83,n_49,Same,,,Medium,
Apr_2023,n_83,n_64,Opposite,,,Medium,
Apr_2023,n_83,n_31,Opposite,,,Medium,
Apr_2023,n_84,n_88,Opposite,,,Low,
Apr_2023,n_84,n_102,Opposite,,,Medium,
Apr_2023,n_84,n_77,Same,,,Medium,
Apr_2023,n_84,n_70,Same,,,Medium,
Apr_2023,n_84,n_110,Same,,,Medium,
Apr_2023,n_85,n_92,Opposite,,,Medium,
Apr_2023,n_86,n_88,Same,,,Low,
Apr_2023,n_87,n_88,Same,,,High,
Apr_2023,n_88,n_1,Same,,,Medium,
Apr_2023,n_89,n_104,Same,,,Medium,
Apr_2023,n_89,n_107,Same,,,High,
Apr_2023,n_89,n_103,Opposite,,,Medium,
Apr_2023,n_90,n_82,Same,,,Medium,
Apr_2023,n_90,n_87,Opposite,,,Medium,
Apr_2023,n_90,n_89,Opposite,,,Low,
Apr_2023,n_91,n_89,Opposite,,,Medium,
Apr_2023,n_92,n_39,Same,,,Medium,
Apr_2023,n_93,n_92,Opposite,,,Medium,
Apr_2023,n_95,n_98,Opposite,,,Medium,
Apr_2023,n_96,n_86,Same,,,Low,
Apr_2023,n_96,n_97,Opposite,,,Medium,
Apr_2023,n_96,n_70,Opposite,,,Low,
Apr_2023,n_97,n_115,Same,,,Low,
Apr_2023,n_97,n_162,Opposite,,,Medium,
Apr_2023,n_97,n_88,Same,,,Low,
Apr_2023,n_97,n_31,Same,,,Low,
Apr_2023,n_98,n_86,Same,,,Medium,
Apr_2023,n_99,n_106,Opposite,,,Medium,
Apr_2023,n_100,n_91,Same,,,Medium,
Apr_2023,n_100,n_96,Opposite,,,Medium,
Apr_2023,n_101,n_102,Same,,,Low,
Apr_2023,n_102,n_99,Opposite,,,Medium,
Apr_2023,n_103,n_107,Same,,,Medium,
Apr_2023,n_104,n_94,Same,,,High,
Apr_2023,n_104,n_105,Same,,,High,
Apr_2023,n_105,n_88,Same,,,Low,
Apr_2023,n_106,n_83,Same,,,High,
Apr_2023,n_106,n_88,Same,,,High,
Apr_2023,n_106,n_92,Same,,,High,
Apr_2023,n_106,n_109,Same,,,High,
Apr_2023,n_107,n_106,Same,,,High,
Apr_2023,n_108,n_88,Same,,,Low,
Apr_2023,n_108,n_73,Same,,,Low,
Apr_2023,n_108,n_102,Same,,,Medium,
Apr_2023,n_108,n_77,Same,,,Medium,
Apr_2023,n_109,n_97,Same,,,High,
Apr_2023,n_110,n_97,Same,,,High,
Apr_2023,n_111,n_117,Opposite,,,Medium,
Apr_2023,n_112,n_120,Opposite,,,High,
Apr_2023,n_112,n_123,Same,,,Low,
Apr_2023,n_113,n_154,Same,,,Low,
Apr_2023,n_113,n_116,Opposite,,,Low,
Apr_2023,n_113,n_117,Opposite,,,Low,
Apr_2023,n_114,n_121,Opposite,,,High,
Apr_2023,n_115,n_120,Opposite,,,Medium,
Apr_2023,n_116,n_70,Same,,,Medium,
Apr_2023,n_116,n_157,Same,,,Medium,
Apr_2023,n_116,n_119,Opposite,,,Medium,
Apr_2023,n_116,n_162,Opposite,,,Medium,
Apr_2023,n_117,n_155,Opposite,,,Low,
Apr_2023,n_117,n_70,Same,,,Medium,
Apr_2023,n_117,n_157,Same,,,Medium,
Apr_2023,n_117,n_119,Opposite,,,Medium,
Apr_2023,n_118,n_117,Opposite,,,Medium,
Apr_2023,n_119,n_1,Same,,,Medium,
Apr_2023,n_120,n_116,Same,,,High,
Apr_2023,n_121,n_117,Same,,,High,
Apr_2023,n_122,n_120,Same,,,Medium,
Apr_2023,n_122,n_121,Same,,,Medium,
Apr_2023,n_122,n_159,Same,,,Low,
Apr_2023,n_123,n_116,Opposite,,,Medium,
Apr_2023,n_124,n_117,Opposite,,,Medium,
Apr_2023,n_124,n_119,Same,,,low,
Apr_2023,n_125,n_132,Same,,,Medium,
Apr_2023,n_125,n_135,Opposite,,,Low,
Apr_2023,n_125,n_136,Same,,,Medium,
Apr_2023,n_126,n_1,Opposite,,,Medium,
Apr_2023,n_127,n_73,Opposite,,,Low,
Apr_2023,n_127,n_128,Same,,,High,
Apr_2023,n_127,n_128,Same,,,Medium,
Apr_2023,n_127,n_147,Same,,,Low,
Apr_2023,n_128,n_132,Same,,,Medium,
Apr_2023,n_128,n_136,Same,,,Low,
Apr_2023,n_129,n_137,Same,,,Medium,
Apr_2023,n_130,n_131,Same,,,Medium,
Apr_2023,n_131,n_111,Same,,,Low,
Apr_2023,n_131,n_162,Opposite,,,Medium,
Apr_2023,n_131,n_64,Same,,,Medium,
Apr_2023,n_131,n_126,Same,,,High,
Apr_2023,n_131,n_70,Same,,,Medium,
Apr_2023,n_131,n_71,Opposite,,,Medium,
Apr_2023,n_131,n_157,Same,,,Medium,
Apr_2023,n_131,n_133,Same,,,Medium,
Apr_2023,n_131,n_78,Same,,,Low,
Apr_2023,n_131,n_160,Opposite,,,Low,
Apr_2023,n_132,n_131,Same,,,Medium,
Apr_2023,n_133,n_135,Opposite,,,Low,
Apr_2023,n_134,n_111,Opposite,,,Low,
Apr_2023,n_134,n_70,Same,,,Low,
Apr_2023,n_134,n_132,Opposite,,,Low,
Apr_2023,n_135,n_131,Opposite,,,Low,
Apr_2023,n_136,n_132,Same,,,Medium,
Apr_2023,n_137,n_127,Same,,,Medium,
Apr_2023,n_138,n_131,Opposite,,,Low,
Apr_2023,n_139,n_127,Same,,,High,
Apr_2023,n_140,n_68,Opposite,,,Low,
Apr_2023,n_140,n_145,Same,,,Low,
Apr_2023,n_141,n_1,Same,,,Medium,
Apr_2023,n_142,n_144,Same,,,Medium,
Apr_2023,n_143,n_148,Same,,,High,
Apr_2023,n_144,n_141,Same,,,Medium,
Apr_2023,n_144,n_113,Same,,,Low,
Apr_2023,n_144,n_68,Same,,,Low,
Apr_2023,n_144,n_71,Same,,,Low,
Apr_2023,n_144,n_147,Same,,,Medium,
Apr_2023,n_144,n_162,Opposite,,,Medium,
Apr_2023,n_145,n_141,Opposite,,,High,
Apr_2023,n_146,n_144,Same,,,Medium,
Apr_2023,n_147,n_17,Opposite,,,Medium,
Apr_2023,n_148,n_141,Same,,,Medium,
Apr_2023,n_148,n_150,Same,,,High,
Apr_2023,n_149,n_89,Same,,,High,
Apr_2023,n_149,n_22,Same,,,High,
Apr_2023,n_149,n_143,Same,,,High,
Apr_2023,n_150,n_140,Same,,,Low,
Apr_2023,n_150,n_144,Same,,,High,
Apr_2023,n_151,n_68,Same,,,Medium,
Apr_2023,n_151,n_79,Opposite,,,Medium,
Apr_2023,n_151,n_80,Opposite,,,Low,
Apr_2023,n_151,n_161,Opposite,,,Medium,
Apr_2023,n_152,n_155,Same,,,Low,
Apr_2023,n_152,n_120,Opposite,,,Low,
Apr_2023,n_152,n_121,Opposite,,,Low,
Apr_2023,n_152,n_158,Same,,,Medium,
Apr_2023,n_152,n_110,Same,,,Medium,
Apr_2023,n_153,n_155,Same,,,Medium,
Apr_2023,n_153,n_102,Same,,,Low,
Apr_2023,n_153,n_122,Opposite,,,Low,
Apr_2023,n_153,n_158,Same,,,Medium,
Apr_2023,n_153,n_35,Opposite,,,Medium,
Apr_2023,n_154,n_151,Same,,,Low,
Apr_2023,n_154,n_35,Same,,,Low,
Apr_2023,n_155,n_64,Opposite,,,Medium,
Apr_2023,n_155,n_124,Same,,,High,
Apr_2023,n_156,n_157,Same,,,High,
Apr_2023,n_156,n_122,Same,,,Medium,
Apr_2023,n_156,n_160,Same,,,Medium,
Apr_2023,n_157,n_151,Opposite,,,Low,
Apr_2023,n_157,n_152,Opposite,,,Medium,
Apr_2023,n_157,n_154,Opposite,,,High,
Apr_2023,n_157,n_155,Opposite,,,Medium,
Apr_2023,n_157,n_160,Same,,,Medium,
Apr_2023,n_158,n_17,Opposite,,,Low,
Apr_2023,n_158,n_160,Opposite,,,Medium,
Apr_2023,n_159,n_154,Same,,,High,
Apr_2023,n_161,n_70,Same,,,Medium,
Apr_2023,n_41,n_231,connecting,,,connecting,
Apr_2023,n_43,n_226,connecting,,,connecting,
Apr_2023,n_46,n_220,connecting,,,connecting,
Apr_2023,n_49,n_217,connecting,,,connecting,
Apr_2023,n_50,n_187,connecting,,,connecting,
Apr_2023,n_256,n_273,Same,,,Low,
Apr_2023,n_257,n_255,Same,,,Low,
Apr_2023,n_258,n_297,Same,,,Medium,
Apr_2023,n_258,n_298,Same,,,High,
Apr_2023,n_258,n_332,Same,,,High,
Apr_2023,n_258,n_271,Same,,,High,
Apr_2023,n_258,n_272,Same,,,High,
Apr_2023,n_258,n_414,Same,,,High,
Apr_2023,n_258,n_431,Same,,,High,
Apr_2023,n_259,n_258,Same,,,High,
Apr_2023,n_260,n_259,Same,,,Medium,
Apr_2023,n_260,n_349,Same,,,Low,
Apr_2023,n_261,n_259,Same,,,Medium,
Apr_2023,n_261,n_349,Same,,,Medium,
Apr_2023,n_261,n_370,Same,,,High,
Apr_2023,n_262,n_260,Opposite,,,Medium,
Apr_2023,n_262,n_261,Same,,,Low,
Apr_2023,n_262,n_266,Opposite,,,Low,
Apr_2023,n_263,n_264,Same,,,Low,
Apr_2023,n_264,n_261,Same,,,Medium,
Apr_2023,n_264,n_296,Same,,,Low,
Apr_2023,n_264,n_334,Same,,,Medium,
Apr_2023,n_264,n_291,Same,,,Low,
Apr_2023,n_264,n_414,Same,,,Low,
Apr_2023,n_265,n_261,Same,,,Medium,
Apr_2023,n_265,n_268,Same,,,Low,
Apr_2023,n_266,n_265,Opposite,,,Medium,
Apr_2023,n_266,n_267,Opposite,,,Medium,
Apr_2023,n_266,n_280,Same,,,Medium,
Apr_2023,n_267,n_268,Same,,,Medium,
Apr_2023,n_268,n_269,Same,,,Medium,
Apr_2023,n_268,n_270,Opposite,,,Medium,
Apr_2023,n_268,n_272,Opposite,,,Medium,
Apr_2023,n_268,n_414,Same,,,Medium,
Apr_2023,n_268,n_431,Opposite,,,Medium,
Apr_2023,n_269,n_271,Opposite,,,Medium,
Apr_2023,n_269,n_298,Same,,,Medium,
Apr_2023,n_269,n_414,Opposite,,,Medium,
Apr_2023,n_269,n_431,Opposite,,,Medium,
Apr_2023,n_270,n_271,Same,,,High,
Apr_2023,n_271,n_273,Same,,,Low,
Apr_2023,n_272,n_273,Same,,,Low,
Apr_2023,n_274,n_270,Same,,,Medium,
Apr_2023,n_275,n_276,Same,,,Medium,
Apr_2023,n_275,n_263,Same,,,Medium,
Apr_2023,n_276,n_298,Opposite,,,Medium,
Apr_2023,n_276,n_271,Opposite,,,Medium,
Apr_2023,n_276,n_414,Same,,,Medium,
Apr_2023,n_276,n_431,Same,,,Medium,
Apr_2023,n_277,n_276,Same,,,Low,
Apr_2023,n_278,n_277,Same,,,Medium,
Apr_2023,n_279,n_277,Same,,,Medium,
Apr_2023,n_280,n_276,Same,,,High,
Apr_2023,n_280,n_263,Same,,,Medium,
Apr_2023,n_281,n_280,Same,,,Low,
Apr_2023,n_281,n_287,Same,,,Low,
Apr_2023,n_282,n_277,Same,,,Low,
Apr_2023,n_282,n_287,Same,,,Low,
Apr_2023,n_283,n_282,Same,,,Medium,
Apr_2023,n_284,n_277,Same,,,Low,
Apr_2023,n_284,n_280,Same,,,Low,
Apr_2023,n_285,n_284,Same,,,Low,
Apr_2023,n_285,n_280,Same,,,High,
Apr_2023,n_285,n_287,Same,,,Medium,
Apr_2023,n_285,n_341,Same,,,Low,
Apr_2023,n_288,n_341,Same,,,High,
Apr_2023,n_341,n_286,Opposite,,,High,
Apr_2023,n_286,n_276,Opposite,,,Low,
Apr_2023,n_287,n_276,Same,,,Medium,
Apr_2023,n_288,n_287,Same,,,Medium,
Apr_2023,n_288,n_277,Same,,,Medium,
Apr_2023,n_289,n_285,Same,,,Medium,
Apr_2023,n_289,n_284,Same,,,Medium,
Apr_2023,n_289,n_288,Same,,,Medium,
Apr_2023,n_289,n_279,Same,,,Medium,
Apr_2023,n_289,n_257,Same,,,Medium,
Apr_2023,n_290,n_258,Opposite,,,Low,
Apr_2023,n_290,n_335,Same,,,Medium,
Apr_2023,n_290,n_291,Same,,,Low,
Apr_2023,n_291,n_351,Same,,,High,
Apr_2023,n_291,n_371,Same,,,High,
Apr_2023,n_291,n_388,Same,,,High,
Apr_2023,n_292,n_269,Same,,,Medium,
Apr_2023,n_292,n_276,Opposite,,,Low,
Apr_2023,n_293,n_292,Same,,,Medium,
Apr_2023,n_294,n_292,Opposite,,,Medium,
Apr_2023,n_295,n_294,Opposite,,,Medium,
Apr_2023,n_295,n_257,Same,,,High,
Apr_2023,n_296,n_263,Same,,,Medium,
Apr_2023,n_296,n_269,Same,,,High,
Apr_2023,n_296,n_276,Opposite,,,Medium,
Apr_2023,n_296,n_270,Opposite,,,Medium,
Apr_2023,n_297,n_296,Same,,,Medium,
Apr_2023,n_298,n_295,Same,,,Low,
Apr_2023,n_298,n_294,Same,,,High,
Apr_2023,n_298,n_299,Same,,,High,
Apr_2023,n_299,n_255,Same,,,High,
Apr_2023,n_299,n_256,Opposite,,,High,
Apr_2023,n_300,n_298,Opposite,,,Low,
Apr_2023,n_301,n_298,Opposite,,,Low,
Apr_2023,n_302,n_301,Same,,,Low,
Apr_2023,n_302,n_306,Same,,,Medium,
Apr_2023,n_302,n_269,Opposite,,,Medium,
Apr_2023,n_303,n_302,Same,,,High,
Apr_2023,n_303,n_309,Opposite,,,Medium,
Apr_2023,n_304,n_302,Same,,,Medium,
Apr_2023,n_305,n_302,Same,,,Medium,
Apr_2023,n_305,n_309,Opposite,,,Low,
Apr_2023,n_306,n_296,Opposite,,,Medium,
Apr_2023,n_307,n_306,Same,,,High,
Apr_2023,n_307,n_309,Opposite,,,Medium,
Apr_2023,n_308,n_307,Opposite,,,Medium,
Apr_2023,n_309,n_310,Opposite,,,High,
Apr_2023,n_310,n_318,Same,,,Medium,
Apr_2023,n_310,n_311,Same,,,High,
Apr_2023,n_310,n_328,Same,,,High,
Apr_2023,n_311,n_308,Opposite,,,Medium,
Apr_2023,n_311,n_320,Same,,,High,
Apr_2023,n_311,n_321,Same,,,Medium,
Apr_2023,n_311,n_326,Same,,,High,
Apr_2023,n_311,n_327,Same,,,High,
Apr_2023,n_311,n_337,Same,,,Medium,
Apr_2023,n_311,n_312,Opposite,,,Medium,
Apr_2023,n_312,n_299,Same,,,High,
Apr_2023,n_313,n_306,Same,,,Low,
Apr_2023,n_313,n_309,Same,,,Medium,
Apr_2023,n_314,n_313,Same,,,Low,
Apr_2023,n_315,n_313,Same,,,Medium,
Apr_2023,n_316,n_315,Opposite,,,High,
Apr_2023,n_317,n_316,Same,,,High,
Apr_2023,n_318,n_322,Same,,,Low,
Apr_2023,n_318,n_317,Same,,,Low,
Apr_2023,n_318,n_319,Same,,,Low,
Apr_2023,n_318,n_313,Opposite,,,Medium,
Apr_2023,n_319,n_309,Opposite,,,Low,
Apr_2023,n_319,n_312,Opposite,,,Low,
Apr_2023,n_320,n_313,Opposite,,,Medium,
Apr_2023,n_320,n_316,Same,,,Low,
Apr_2023,n_321,n_318,Same,,,Medium,
Apr_2023,n_321,n_326,Same,,,High,
Apr_2023,n_322,n_323,Same,,,High,
Apr_2023,n_323,n_310,Same,,,High,
Apr_2023,n_324,n_326,Opposite,,,Medium,
Apr_2023,n_324,n_327,Opposite,,,Medium,
Apr_2023,n_325,n_323,Same,,,Medium,
Apr_2023,n_326,n_325,Same,,,Medium,
Apr_2023,n_326,n_345,Opposite,,,Medium,
Apr_2023,n_326,n_347,Opposite,,,Low,
Apr_2023,n_327,n_325,Same,,,Medium,
Apr_2023,n_327,n_342,Same,,,High,
Apr_2023,n_327,n_347,Opposite,,,Low,
Apr_2023,n_327,n_345,Same,,,Medium,
Apr_2023,n_328,n_337,Same,,,Medium,
Apr_2023,n_328,n_329,Opposite,,,Medium,
Apr_2023,n_329,n_330,Same,,,High,
Apr_2023,n_330,n_255,Same,,,Medium,
Apr_2023,n_330,n_256,Opposite,,,Medium,
Apr_2023,n_331,n_330,Same,,,High,
Apr_2023,n_332,n_331,Same,,,Medium,
Apr_2023,n_333,n_332,Same,,,Medium,
Apr_2023,n_334,n_331,Same,,,Medium,
Apr_2023,n_334,n_333,Same,,,High,
Apr_2023,n_335,n_331,Same,,,Medium,
Apr_2023,n_336,n_335,Opposite,,,Low,
Apr_2023,n_336,n_337,Same,,,Low,
Apr_2023,n_337,n_338,Same,,,High,
Apr_2023,n_338,n_339,Same,,,Low,
Apr_2023,n_338,n_343,Same,,,Medium,
Apr_2023,n_338,n_340,Same,,,Medium,
Apr_2023,n_339,n_309,Same,,,Medium,
Apr_2023,n_339,n_380,Opposite,,,Medium,
Apr_2023,n_340,n_339,Same,,,Low,
Apr_2023,n_342,n_338,Opposite,,,Low,
Apr_2023,n_343,n_312,Same,,,Low,
Apr_2023,n_343,n_329,Same,,,Low,
Apr_2023,n_343,n_415,Same,,,Medium,
Apr_2023,n_343,n_418,Same,,,Medium,
Apr_2023,n_343,n_383,Same,,,Low,
Apr_2023,n_343,n_432,Same,,,Low,
Apr_2023,n_345,n_338,Opposite,,,Low,
Apr_2023,n_346,n_345,Same,,,High,
Apr_2023,n_347,n_340,Opposite,,,Medium,
Apr_2023,n_348,n_255,Same,,,Medium,
Apr_2023,n_348,n_256,Opposite,,,Medium,
Apr_2023,n_349,n_348,Same,,,High,
Apr_2023,n_350,n_349,Opposite,,,High,
Apr_2023,n_351,n_349,Same,,,Low,
Apr_2023,n_352,n_350,Same,,,Medium,
Apr_2023,n_352,n_362,Same,,,Medium,
Apr_2023,n_353,n_348,Same,,,High,
Apr_2023,n_354,n_353,Opposite,,,Low,
Apr_2023,n_355,n_354,Same,,,High,
Apr_2023,n_356,n_354,Same,,,Medium,
Apr_2023,n_357,n_354,Opposite,,,Medium,
Apr_2023,n_358,n_353,Opposite,,,Medium,
Apr_2023,n_358,n_350,Same,,,Low,
Apr_2023,n_358,n_456,Same,,,Medium,
Apr_2023,n_359,n_358,Same,,,Medium,
Apr_2023,n_360,n_358,Same,,,Medium,
Apr_2023,n_361,n_359,Opposite,,,Medium,
Apr_2023,n_361,n_360,Opposite,,,Medium,
Apr_2023,n_362,n_361,Same,,,High,
Apr_2023,n_362,n_358,Same,,,High,
Apr_2023,n_362,n_363,Same,,,High,
Apr_2023,n_362,n_365,Same,,,High,
Apr_2023,n_363,n_358,Same,,,Medium,
Apr_2023,n_363,n_365,Same,,,Medium,
Apr_2023,n_364,n_362,Same,,,High,
Apr_2023,n_365,n_353,Opposite,,,Medium,
Apr_2023,n_365,n_456,Same,,,Medium,
Apr_2023,n_365,n_445,Same,,,Medium,
Apr_2023,n_366,n_365,Opposite,,,Medium,
Apr_2023,n_367,n_365,Same,,,High,
Apr_2023,n_368,n_255,Same,,,Low,
Apr_2023,n_368,n_256,Opposite,,,Low,
Apr_2023,n_369,n_368,Same,,,High,
Apr_2023,n_370,n_369,Same,,,Medium,
Apr_2023,n_371,n_369,Same,,,Medium,
Apr_2023,n_372,n_370,Opposite,,,Medium,
Apr_2023,n_372,n_371,Opposite,,,Low,
Apr_2023,n_373,n_368,Same,,,High,
Apr_2023,n_374,n_373,Opposite,,,Low,
Apr_2023,n_375,n_376,Same,,,High,
Apr_2023,n_375,n_372,Same,,,Medium,
Apr_2023,n_375,n_373,Opposite,,,Medium,
Apr_2023,n_375,n_378,Same,,,Medium,
Apr_2023,n_375,n_337,Same,,,Low,
Apr_2023,n_376,n_377,Opposite,,,Medium,
Apr_2023,n_376,n_379,Same,,,High,
Apr_2023,n_377,n_375,Opposite,,,Medium,
Apr_2023,n_377,n_378,Opposite,,,Medium,
Apr_2023,n_377,n_381,Opposite,,,High,
Apr_2023,n_378,n_373,Opposite,,,Medium,
Apr_2023,n_378,n_456,Same,,,Medium,
Apr_2023,n_378,n_445,Same,,,Medium,
Apr_2023,n_379,n_375,Same,,,Medium,
Apr_2023,n_379,n_378,Same,,,Medium,
Apr_2023,n_379,n_380,Same,,,High,
Apr_2023,n_380,n_373,Opposite,,,Low,
Apr_2023,n_380,n_337,Same,,,Low,
Apr_2023,n_381,n_380,Same,,,High,
Apr_2023,n_381,n_378,Same,,,Medium,
Apr_2023,n_382,n_255,Same,,,Medium,
Apr_2023,n_382,n_256,Opposite,,,Medium,
Apr_2023,n_383,n_382,Same,,,High,
Apr_2023,n_384,n_383,Same,,,High,
Apr_2023,n_385,n_384,Opposite,,,High,
Apr_2023,n_385,n_445,Same,,,Medium,
Apr_2023,n_391,n_385,Same,,,Low,
Apr_2023,n_387,n_382,Same,,,High,
Apr_2023,n_387,n_335,Same,,,High,
Apr_2023,n_387,n_477,Same,,,High,
Apr_2023,n_388,n_387,Same,,,High,
Apr_2023,n_388,n_408,Same,,,High,
Apr_2023,n_389,n_390,Same,,,Low,
Apr_2023,n_389,n_385,Same,,,Medium,
Apr_2023,n_389,n_409,Same,,,Low,
Apr_2023,n_389,n_391,Same,,,Medium,
Apr_2023,n_390,n_388,Same,,,Medium,
Apr_2023,n_390,n_371,Opposite,,,Medium,
Apr_2023,n_390,n_351,Opposite,,,Medium,
Apr_2023,n_391,n_392,Same,,,High,
Apr_2023,n_391,n_456,Same,,,Medium,
Apr_2023,n_391,n_337,Same,,,Medium,
Apr_2023,n_391,n_383,Opposite,,,Medium,
Apr_2023,n_392,n_393,Same,,,Medium,
Apr_2023,n_393,n_391,Same,,,Medium,
Apr_2023,n_393,n_400,Same,,,Medium,
Apr_2023,n_394,n_393,Same,,,Medium,
Apr_2023,n_395,n_393,Same,,,Medium,
Apr_2023,n_396,n_395,Same,,,Low,
Apr_2023,n_396,n_394,Same,,,Low,
Apr_2023,n_396,n_398,Opposite,,,Medium,
Apr_2023,n_396,n_399,Opposite,,,Medium,
Apr_2023,n_398,n_391,Opposite,,,Medium,
Apr_2023,n_399,n_391,Opposite,,,Medium,
Apr_2023,n_399,n_456,Opposite,,,Medium,
Apr_2023,n_400,n_391,Same,,,Low,
Apr_2023,n_401,n_400,Same,,,Medium,
Apr_2023,n_401,n_391,Same,,,Medium,
Apr_2023,n_402,n_387,Opposite,,,Low,
Apr_2023,n_403,n_387,Opposite,,,Low,
Apr_2023,n_403,n_408,Opposite,,,Low,
Apr_2023,n_404,n_403,Opposite,,,Medium,
Apr_2023,n_405,n_403,Opposite,,,Medium,
Apr_2023,n_406,n_403,Same,,,Medium,
Apr_2023,n_407,n_255,Same,,,Low,
Apr_2023,n_407,n_256,Opposite,,,Low,
Apr_2023,n_408,n_407,Same,,,High,
Apr_2023,n_408,n_337,Same,,,Medium,
Apr_2023,n_409,n_408,Same,,,High,
Apr_2023,n_409,n_387,Opposite,,,Medium,
Apr_2023,n_410,n_409,Same,,,High,
Apr_2023,n_411,n_410,Same,,,High,
Apr_2023,n_412,n_410,Same,,,Medium,
Apr_2023,n_413,n_255,Same,,,Low,
Apr_2023,n_413,n_256,Opposite,,,Low,
Apr_2023,n_414,n_272,Same,,,Medium,
Apr_2023,n_414,n_337,Same,,,Medium,
Apr_2023,n_414,n_413,Same,,,High,
Apr_2023,n_414,n_412,Opposite,,,High,
Apr_2023,n_414,n_289,Same,,,Medium,
Apr_2023,n_414,n_286,Same,,,High,
Apr_2023,n_415,n_413,Same,,,High,
Apr_2023,n_416,n_415,Opposite,,,Low,
Apr_2023,n_416,n_418,Opposite,,,Low,
Apr_2023,n_416,n_456,Same,,,Medium,
Apr_2023,n_417,n_415,Opposite,,,Low,
Apr_2023,n_417,n_418,Opposite,,,Low,
Apr_2023,n_417,n_445,Same,,,Medium,
Apr_2023,n_418,n_407,Same,,,High,
Apr_2023,n_419,n_415,Opposite,,,High,
Apr_2023,n_419,n_418,Opposite,,,High,
Apr_2023,n_419,n_337,Same,,,Medium,
Apr_2023,n_420,n_419,Same,,,Medium,
Apr_2023,n_421,n_420,Same,,,High,
Apr_2023,n_421,n_422,Same,,,High,
Apr_2023,n_422,n_419,Same,,,Medium,
Apr_2023,n_423,n_416,Same,,,Medium,
Apr_2023,n_423,n_422,Same,,,Low,
Apr_2023,n_423,n_427,Same,,,Low,
Apr_2023,n_424,n_410,Opposite,,,Low,
Apr_2023,n_424,n_423,Opposite,,,Medium,
Apr_2023,n_424,n_428,Opposite,,,Medium,
Apr_2023,n_425,n_424,Opposite,,,Medium,
Apr_2023,n_425,n_429,Same,,,Medium,
Apr_2023,n_426,n_425,Same,,,Medium,
Apr_2023,n_427,n_424,Opposite,,,Medium,
Apr_2023,n_428,n_422,Same,,,Low,
Apr_2023,n_428,n_427,Same,,,Low,
Apr_2023,n_429,n_423,Same,,,Low,
Apr_2023,n_429,n_428,Same,,,Low,
Apr_2023,n_430,n_255,Same,,,Low,
Apr_2023,n_430,n_256,Opposite,,,Low,
Apr_2023,n_431,n_430,Same,,,High,
Apr_2023,n_431,n_289,Same,,,Medium,
Apr_2023,n_431,n_286,Same,,,High,
Apr_2023,n_431,n_272,Same,,,Low,
Apr_2023,n_432,n_430,Same,,,High,
Apr_2023,n_433,n_432,Opposite,,,Medium,
Apr_2023,n_433,n_445,Same,,,Medium,
Apr_2023,n_434,n_432,Opposite,,,Medium,
Apr_2023,n_434,n_441,Same,,,High,
Apr_2023,n_434,n_337,Same,,,Medium,
Apr_2023,n_434,n_456,Same,,,Medium,
Apr_2023,n_435,n_434,Same,,,Medium,
Apr_2023,n_435,n_439,Same,,,Medium,
Apr_2023,n_436,n_434,Opposite,,,Medium,
Apr_2023,n_437,n_436,Opposite,,,Low,
Apr_2023,n_437,n_439,Same,,,Low,
Apr_2023,n_438,n_434,Opposite,,,Medium,
Apr_2023,n_439,n_436,Opposite,,,Low,
Apr_2023,n_439,n_438,Opposite,,,Low,
Apr_2023,n_439,n_440,Same,,,Low,
Apr_2023,n_440,n_434,Same,,,Medium,
Apr_2023,n_441,n_440,Same,,,Medium,
Apr_2023,n_442,n_445,Same,,,Medium,
Apr_2023,n_442,n_312,Opposite,,,Medium,
Apr_2023,n_442,n_329,Opposite,,,Medium,
Apr_2023,n_443,n_442,Same,,,High,
Apr_2023,n_444,n_442,Same,,,Medium,
Apr_2023,n_444,n_433,Same,,,Medium,
Apr_2023,n_444,n_417,Same,,,Medium,
Apr_2023,n_444,n_385,Same,,,Medium,
Apr_2023,n_444,n_378,Same,,,Medium,
Apr_2023,n_444,n_365,Same,,,Medium,
Apr_2023,n_445,n_449,Same,,,Medium,
Apr_2023,n_445,n_453,Same,,,High,
Apr_2023,n_446,n_445,Opposite,,,Medium,
Apr_2023,n_446,n_452,Same,,,Medium,
Apr_2023,n_447,n_442,Opposite,,,Medium,
Apr_2023,n_447,n_433,Opposite,,,Medium,
Apr_2023,n_447,n_417,Opposite,,,Medium,
Apr_2023,n_447,n_385,Opposite,,,Medium,
Apr_2023,n_447,n_378,Opposite,,,Medium,
Apr_2023,n_447,n_365,Opposite,,,Medium,
Apr_2023,n_448,n_447,Opposite,,,Medium,
Apr_2023,n_448,n_444,Same,,,Low,
Apr_2023,n_449,n_448,Opposite,,,High,
Apr_2023,n_450,n_449,Same,,,Medium,
Apr_2023,n_451,n_448,Same,,,Medium,
Apr_2023,n_452,n_447,Same,,,Medium,
Apr_2023,n_453,n_452,Opposite,,,Medium,
Apr_2023,n_453,n_448,Same,,,Medium,
Apr_2023,n_454,n_434,Same,,,Low,
Apr_2023,n_454,n_423,Same,,,Low,
Apr_2023,n_454,n_391,Same,,,Low,
Apr_2023,n_454,n_378,Same,,,Low,
Apr_2023,n_454,n_358,Same,,,Low,
Apr_2023,n_454,n_365,Same,,,Low,
Apr_2023,n_455,n_454,Same,,,High,
Apr_2023,n_455,n_337,Same,,,Medium,
Apr_2023,n_456,n_455,Same,,,Medium,
Apr_2023,n_457,n_456,Opposite,,,Low,
Apr_2023,n_469,n_270,Same,,,Medium,
Apr_2023,n_470,n_270,Same,,,Medium,
Apr_2023,n_471,n_373,Opposite,,,Medium,
Apr_2023,n_472,n_302,Same,,,Low,
Apr_2023,n_472,n_309,Opposite,,,Medium,
Apr_2023,n_474,n_296,Opposite,,,Low,
Apr_2023,n_474,n_298,Same,,,Low,
Apr_2023,n_475,n_298,Same,,,Low,
Apr_2023,n_476,n_312,Same,,,Low,
Apr_2023,n_476,n_477,Same,,,Low,
Apr_2023,n_477,n_256,Opposite,,,Medium,
Apr_2023,n_298,n_477,Same,,,High,
Apr_2023,n_50,n_343,connecting,,,connecting,
Apr_2023,n_187,n_343,connecting,,,connecting,
Apr_2023,n_337,n_191,connecting,,,connecting,
Apr_2023,n_338,n_200,connecting,,,connecting,
Apr_2023,n_339,n_192,connecting,,,connecting,
Apr_2023,n_340,n_198,connecting,,,connecting,
Apr_2023,n_478,n_485,Opposite,,,Medium,
Apr_2023,n_478,n_640,Opposite,,,High,
Apr_2023,n_478,n_649,Same,,,High,
Apr_2023,n_479,n_642,Same,,,Medium,
Apr_2023,n_479,n_640,Same,,,Medium,
Apr_2023,n_479,n_488,Same,,,Medium,
Apr_2023,n_479,n_612,Same,,,Medium,
Apr_2023,n_479,n_689,Same,,,Low,
Apr_2023,n_480,n_485,Same,,,Low,
Apr_2023,n_480,n_479,Same,,,Medium,
Apr_2023,n_481,n_484,Opposite,,,High,
Apr_2023,n_481,n_658,Same,,,Low,
Apr_2023,n_482,n_696,Same,,,Low,
Apr_2023,n_483,n_697,Same,,,Low,
Apr_2023,n_483,n_693,Same,,,Low,
Apr_2023,n_483,n_481,Same,,,Medium,
Apr_2023,n_484,n_696,Same,,,Low,
Apr_2023,n_485,n_665,Same,,,Medium,
Apr_2023,n_486,n_485,Opposite,,,Medium,
Apr_2023,n_488,n_482,Opposite,,,High,
Apr_2023,n_489,n_490,Same,,,Low,
Apr_2023,n_490,n_491,Same,,,Medium,
Apr_2023,n_490,n_515,Same,,,Low,
Apr_2023,n_490,n_505,Opposite,,,Medium,
Apr_2023,n_491,n_494,Opposite,,,Medium,
Apr_2023,n_491,n_492,Same,,,Medium,
Apr_2023,n_491,n_497,Same,,,Low,
Apr_2023,n_491,n_502,Same,,,Medium,
Apr_2023,n_491,n_690,Same,,,Medium,
Apr_2023,n_491,n_689,Same,,,Medium,
Apr_2023,n_492,n_513,Same,,,Medium,
Apr_2023,n_492,n_666,Opposite,,,Low,
Apr_2023,n_493,n_490,Opposite,,,Low,
Apr_2023,n_493,n_696,Same,,,Low,
Apr_2023,n_494,n_698,Same,,,Medium,
Apr_2023,n_494,n_666,Opposite,,,Medium,
Apr_2023,n_494,n_497,Same,,,Medium,
Apr_2023,n_495,n_649,Opposite,,,Low,
Apr_2023,n_495,n_497,Same,,,High,
Apr_2023,n_496,n_498,Same,,,Low,
Apr_2023,n_496,n_664,Opposite,,,Low,
Apr_2023,n_497,n_665,Same,,,Medium,
Apr_2023,n_498,n_499,Same,,,Medium,
Apr_2023,n_498,n_490,Same,,,Medium,
Apr_2023,n_498,n_497,Same,,,Low,
Apr_2023,n_498,n_494,Opposite,,,Medium,
Apr_2023,n_500,n_498,Same,,,Medium,
Apr_2023,n_500,n_491,Same,,,Medium,
Apr_2023,n_501,n_500,Opposite,,,Medium,
Apr_2023,n_502,n_495,Opposite,,,Low,
Apr_2023,n_503,n_500,Same,,,Medium,
Apr_2023,n_503,n_504,Same,,,Medium,
Apr_2023,n_503,n_506,Opposite,,,Low,
Apr_2023,n_503,n_505,Opposite,,,Low,
Apr_2023,n_504,n_500,Same,,,Medium,
Apr_2023,n_504,n_490,Same,,,Medium,
Apr_2023,n_504,n_516,Same,,,Medium,
Apr_2023,n_505,n_497,Same,,,High,
Apr_2023,n_505,n_495,Same,,,High,
Apr_2023,n_505,n_641,Same,,,High,
Apr_2023,n_506,n_505,Same,,,Medium,
Apr_2023,n_507,n_505,Opposite,,,Medium,
Apr_2023,n_508,n_505,Same,,,Low,
Apr_2023,n_508,n_644,Same,,,Medium,
Apr_2023,n_508,n_631,Same,,,Medium,
Apr_2023,n_508,n_593,Same,,,Medium,
Apr_2023,n_508,n_521,Same,,,Medium,
Apr_2023,n_509,n_507,Same,,,Medium,
Apr_2023,n_509,n_480,Same,,,Low,
Apr_2023,n_509,n_506,Opposite,,,Medium,
Apr_2023,n_509,n_505,Opposite,,,Medium,
Apr_2023,n_509,n_630,Same,,,Low,
Apr_2023,n_510,n_505,Same,,,Medium,
Apr_2023,n_511,n_510,Opposite,,,Medium,
Apr_2023,n_511,n_514,Same,,,High,
Apr_2023,n_512,n_505,Same,,,Medium,
Apr_2023,n_514,n_630,Same,,,Low,
Apr_2023,n_514,n_480,Same,,,Low,
Apr_2023,n_514,n_510,Opposite,,,Medium,
Apr_2023,n_514,n_506,Opposite,,,Medium,
Apr_2023,n_515,n_516,Same,,,High,
Apr_2023,n_516,n_518,Same,,,Medium,
Apr_2023,n_516,n_521,Opposite,,,Medium,
Apr_2023,n_516,n_508,Opposite,,,High,
Apr_2023,n_517,n_516,Same,,,Medium,
Apr_2023,n_518,n_520,Opposite,,,Medium,
Apr_2023,n_519,n_535,Same,,,Medium,
Apr_2023,n_520,n_664,Same,,,Medium,
Apr_2023,n_521,n_535,Same,,,Medium,
Apr_2023,n_522,n_521,Same,,,Medium,
Apr_2023,n_523,n_522,Opposite,,,Low,
Apr_2023,n_524,n_521,Opposite,,,Medium,
Apr_2023,n_525,n_526,Same,,,Medium,
Apr_2023,n_526,n_521,Same,,,High,
Apr_2023,n_526,n_508,Same,,,Medium,
Apr_2023,n_704,n_532,Same,,,Medium,
Apr_2023,n_704,n_523,Opposite,,,Medium,
Apr_2023,n_527,n_526,Same,,,Medium,
Apr_2023,n_528,n_529,Same,,,Low,
Apr_2023,n_528,n_641,Same,,,Medium,
Apr_2023,n_528,n_645,Same,,,Low,
Apr_2023,n_528,n_519,Same,,,High,
Apr_2023,n_528,n_593,Same,,,Low,
Apr_2023,n_528,n_649,Same,,,Low,
Apr_2023,n_528,n_666,Opposite,,,Low,
Apr_2023,n_529,n_699,Same,,,Low,
Apr_2023,n_529,n_696,Same,,,Low,
Apr_2023,n_530,n_532,Opposite,,,Low,
Apr_2023,n_531,n_530,Same,,,Medium,
Apr_2023,n_532,n_526,Same,,,Medium,
Apr_2023,n_533,n_528,Same,,,Low,
Apr_2023,n_534,n_528,Same,,,Low,
Apr_2023,n_535,n_665,Same,,,Medium,
Apr_2023,n_536,n_665,Same,,,Medium,
Apr_2023,n_537,n_646,Opposite,,,Medium,
Apr_2023,n_537,n_641,Opposite,,,Medium,
Apr_2023,n_537,n_640,Opposite,,,Medium,
Apr_2023,n_537,n_538,Opposite,,,Medium,
Apr_2023,n_538,n_536,Same,,,High,
Apr_2023,n_539,n_538,Same,,,Medium,
Apr_2023,n_540,n_539,Same,,,Medium,
Apr_2023,n_541,n_543,Same,,,Medium,
Apr_2023,n_541,n_539,Opposite,,,Medium,
Apr_2023,n_542,n_541,Same,,,Medium,
Apr_2023,n_543,n_544,Opposite,,,Medium,
Apr_2023,n_545,n_541,Opposite,,,Medium,
Apr_2023,n_546,n_541,Same,,,Medium,
Apr_2023,n_547,n_536,Opposite,,,Low,
Apr_2023,n_548,n_528,Same,,,Medium,
Apr_2023,n_548,n_646,Same,,,Low,
Apr_2023,n_548,n_649,Same,,,Low,
Apr_2023,n_548,n_650,Same,,,Low,
Apr_2023,n_548,n_580,Same,,,High,
Apr_2023,n_548,n_552,Same,,,High,
Apr_2023,n_549,n_551,Same,,,Low,
Apr_2023,n_549,n_612,Opposite,,,Medium,
Apr_2023,n_550,n_536,Same,,,High,
Apr_2023,n_551,n_548,Same,,,High,
Apr_2023,n_553,n_550,Same,,,Medium,
Apr_2023,n_554,n_551,Same,,,High,
Apr_2023,n_555,n_551,Opposite,,,Medium,
Apr_2023,n_555,n_590,Same,,,High,
Apr_2023,n_556,n_551,Same,,,High,
Apr_2023,n_557,n_555,Same,,,Medium,
Apr_2023,n_558,n_555,Same,,,Medium,
Apr_2023,n_559,n_556,Opposite,,,Low,
Apr_2023,n_560,n_556,Same,,,Medium,
Apr_2023,n_561,n_551,Opposite,,,Low,
Apr_2023,n_561,n_669,Opposite,,,High,
Apr_2023,n_561,n_615,Opposite,,,Medium,
Apr_2023,n_562,n_665,Same,,,Medium,
Apr_2023,n_563,n_562,Same,,,High,
Apr_2023,n_564,n_562,Same,,,Low,
Apr_2023,n_565,n_640,Opposite,,,Low,
Apr_2023,n_566,n_570,Same,,,High,
Apr_2023,n_566,n_569,Same,,,High,
Apr_2023,n_567,n_575,Same,,,Medium,
Apr_2023,n_567,n_563,Same,,,Medium,
Apr_2023,n_568,n_571,Same,,,Medium,
Apr_2023,n_568,n_567,Same,,,Medium,
Apr_2023,n_569,n_567,Opposite,,,Medium,
Apr_2023,n_569,n_587,Opposite,,,Medium,
Apr_2023,n_569,n_572,Same,,,Medium,
Apr_2023,n_570,n_571,Opposite,,,Medium,
Apr_2023,n_570,n_572,Same,,,Medium,
Apr_2023,n_570,n_587,Opposite,,,Medium,
Apr_2023,n_571,n_563,Same,,,Medium,
Apr_2023,n_571,n_565,Same,,,High,
Apr_2023,n_571,n_646,Same,,,Medium,
Apr_2023,n_571,n_653,Same,,,Medium,
Apr_2023,n_571,n_580,Same,,,High,
Apr_2023,n_572,n_574,Same,,,Low,
Apr_2023,n_572,n_551,Same,,,Low,
Apr_2023,n_573,n_571,Same,,,Medium,
Apr_2023,n_573,n_567,Same,,,Medium,
Apr_2023,n_573,n_584,Same,,,Low,
Apr_2023,n_573,n_587,Same,,,Medium,
Apr_2023,n_576,n_588,Same,,,High,
Apr_2023,n_576,n_653,Opposite,,,Low,
Apr_2023,n_577,n_569,Same,,,Medium,
Apr_2023,n_578,n_577,Same,,,Low,
Apr_2023,n_579,n_569,Same,,,Medium,
Apr_2023,n_579,n_570,Same,,,Medium,
Apr_2023,n_579,n_555,Same,,,High,
Apr_2023,n_580,n_646,Same,,,Low,
Apr_2023,n_581,n_577,Opposite,,,Medium,
Apr_2023,n_581,n_582,Same,,,Low,
Apr_2023,n_583,n_581,Same,,,Low,
Apr_2023,n_584,n_570,Opposite,,,Medium,
Apr_2023,n_584,n_569,Opposite,,,Medium,
Apr_2023,n_585,n_570,Same,,,Medium,
Apr_2023,n_586,n_592,Opposite,,,Medium,
Apr_2023,n_588,n_581,Same,,,Medium,
Apr_2023,n_588,n_515,Same,,,Medium,
Apr_2023,n_589,n_588,Opposite,,,Low,
Apr_2023,n_590,n_584,Same,,,Medium,
Apr_2023,n_591,n_587,Opposite,,,Medium,
Apr_2023,n_591,n_592,Opposite,,,Medium,
Apr_2023,n_591,n_593,Same,,,High,
Apr_2023,n_592,n_587,Opposite,,,High,
Apr_2023,n_592,n_593,Opposite,,,High,
Apr_2023,n_594,n_589,Same,,,Medium,
Apr_2023,n_595,n_593,Same,,,Low,
Apr_2023,n_596,n_665,Same,,,Medium,
Apr_2023,n_597,n_596,Same,,,Medium,
Apr_2023,n_598,n_597,Same,,,Medium,
Apr_2023,n_598,n_528,Same,,,Medium,
Apr_2023,n_598,n_604,Same,,,Medium,
Apr_2023,n_599,n_631,Same,,,Medium,
Apr_2023,n_599,n_604,Same,,,Low,
Apr_2023,n_600,n_625,Same,,,Low,
Apr_2023,n_601,n_598,Opposite,,,Medium,
Apr_2023,n_601,n_613,Opposite,,,Low,
Apr_2023,n_601,n_609,Same,,,Low,
Apr_2023,n_602,n_598,Opposite,,,Medium,
Apr_2023,n_602,n_606,Opposite,,,Low,
Apr_2023,n_603,n_604,Opposite,,,Medium,
Apr_2023,n_604,n_664,Same,,,Low,
Apr_2023,n_605,n_596,Opposite,,,Medium,
Apr_2023,n_605,n_700,Same,,,Low,
Apr_2023,n_605,n_607,Same,,,Medium,
Apr_2023,n_607,n_596,Opposite,,,Medium,
Apr_2023,n_607,n_608,Opposite,,,Medium,
Apr_2023,n_607,n_512,Same,,,Low,
Apr_2023,n_608,n_598,Opposite,,,Low,
Apr_2023,n_608,n_612,Same,,,Medium,
Apr_2023,n_608,n_551,Same,,,Medium,
Apr_2023,n_608,n_560,Same,,,Medium,
Apr_2023,n_608,n_593,Same,,,Medium,
Apr_2023,n_608,n_547,Same,,,Low,
Apr_2023,n_608,n_512,Same,,,Low,
Apr_2023,n_608,n_631,Same,,,Medium,
Apr_2023,n_609,n_606,Opposite,,,Medium,
Apr_2023,n_609,n_604,Opposite,,,Medium,
Apr_2023,n_609,n_607,Opposite,,,Low,
Apr_2023,n_610,n_596,Same,,,Low,
Apr_2023,n_610,n_528,Same,,,Medium,
Apr_2023,n_610,n_608,Same,,,Medium,
Apr_2023,n_610,n_614,Same,,,Medium,
Apr_2023,n_610,n_607,Same,,,Low,
Apr_2023,n_612,n_528,Same,,,Low,
Apr_2023,n_612,n_487,Same,,,Medium,
Apr_2023,n_613,n_611,Opposite,,,Low,
Apr_2023,n_613,n_616,Opposite,,,Low,
Apr_2023,n_614,n_607,Same,,,Medium,
Apr_2023,n_614,n_608,Same,,,Medium,
Apr_2023,n_614,n_528,Same,,,Medium,
Apr_2023,n_614,n_611,Same,,,Medium,
Apr_2023,n_614,n_617,Same,,,Low,
Apr_2023,n_615,n_613,Opposite,,,Low,
Apr_2023,n_615,n_614,Same,,,Medium,
Apr_2023,n_618,n_665,Same,,,Medium,
Apr_2023,n_619,n_696,Same,,,Low,
Apr_2023,n_620,n_619,Same,,,Medium,
Apr_2023,n_620,n_699,Same,,,Low,
Apr_2023,n_621,n_619,Same,,,Medium,
Apr_2023,n_622,n_623,Opposite,,,High,
Apr_2023,n_623,n_621,Opposite,,,Medium,
Apr_2023,n_623,n_624,Opposite,,,High,
Apr_2023,n_623,n_622,Opposite,,,Medium,
Apr_2023,n_624,n_628,Same,,,Medium,
Apr_2023,n_624,n_653,Same,,,Low,
Apr_2023,n_625,n_515,Same,,,Low,
Apr_2023,n_625,n_620,Same,,,Medium,
Apr_2023,n_625,n_623,Same,,,High,
Apr_2023,n_625,n_697,Same,,,Medium,
Apr_2023,n_626,n_701,Same,,,Medium,
Apr_2023,n_627,n_628,Opposite,,,Medium,
Apr_2023,n_627,n_640,Opposite,,,Medium,
Apr_2023,n_627,n_649,Same,,,Medium,
Apr_2023,n_628,n_701,Same,,,Medium,
Apr_2023,n_629,n_624,Opposite,,,Medium,
Apr_2023,n_630,n_626,Same,,,High,
Apr_2023,n_630,n_619,Same,,,Medium,
Apr_2023,n_631,n_626,Same,,,Medium,
Apr_2023,n_631,n_635,Same,,,Medium,
Apr_2023,n_632,n_630,Opposite,,,Medium,
Apr_2023,n_632,n_621,Same,,,Medium,
Apr_2023,n_633,n_649,Same,,,Low,
Apr_2023,n_633,n_628,Opposite,,,Medium,
Apr_2023,n_634,n_625,Same,,,Low,
Apr_2023,n_634,n_604,Opposite,,,Low,
Apr_2023,n_636,n_617,Same,,,Medium,
Apr_2023,n_636,n_665,Same,,,Medium,
Apr_2023,n_636,n_650,Same,,,Medium,
Apr_2023,n_636,n_647,Same,,,Medium,
Apr_2023,n_636,n_649,Same,,,Medium,
Apr_2023,n_637,n_636,Same,,,Low,
Apr_2023,n_638,n_636,Same,,,Low,
Apr_2023,n_639,n_636,Same,,,Low,
Apr_2023,n_640,n_665,Same,,,Medium,
Apr_2023,n_641,n_665,Same,,,Medium,
Apr_2023,n_641,n_636,Same,,,Low,
Apr_2023,n_642,n_643,Same,,,Low,
Apr_2023,n_642,n_646,Same,,,Low,
Apr_2023,n_642,n_641,Same,,,Low,
Apr_2023,n_642,n_640,Same,,,Medium,
Apr_2023,n_644,n_536,Same,,,Medium,
Apr_2023,n_644,n_562,Same,,,Medium,
Apr_2023,n_645,n_663,Same,,,Low,
Apr_2023,n_646,n_665,Same,,,Medium,
Apr_2023,n_646,n_546,Same,,,Medium,
Apr_2023,n_647,n_702,Opposite,,,Low,
Apr_2023,n_647,n_538,Opposite,,,Low,
Apr_2023,n_647,n_528,Same,,,Low,
Apr_2023,n_647,n_627,Same,,,Low,
Apr_2023,n_647,n_640,Opposite,,,Low,
Apr_2023,n_648,n_627,Same,,,Medium,
Apr_2023,n_648,n_703,Opposite,,,Low,
Apr_2023,n_648,n_641,Opposite,,,Low,
Apr_2023,n_648,n_643,Same,,,High,
Apr_2023,n_648,n_538,Opposite,,,Medium,
Apr_2023,n_649,n_665,Same,,,Low,
Apr_2023,n_649,n_538,Opposite,,,Low,
Apr_2023,n_650,n_685,Opposite,,,Medium,
Apr_2023,n_650,n_539,Opposite,,,Medium,
Apr_2023,n_650,n_618,Opposite,,,Low,
Apr_2023,n_651,n_562,Opposite,,,Low,
Apr_2023,n_653,n_644,Same,,,High,
Apr_2023,n_653,n_528,Same,,,High,
Apr_2023,n_654,n_633,Opposite,,,Medium,
Apr_2023,n_654,n_640,Same,,,High,
Apr_2023,n_654,n_649,Opposite,,,High,
Apr_2023,n_655,n_604,Opposite,,,Medium,
Apr_2023,n_655,n_661,Same,,,Medium,
Apr_2023,n_655,n_659,Same,,,Medium,
Apr_2023,n_655,n_625,Same,,,Medium,
Apr_2023,n_656,n_696,Same,,,Low,
Apr_2023,n_658,n_625,Same,,,Medium,
Apr_2023,n_658,n_661,Same,,,Medium,
Apr_2023,n_658,n_656,Opposite,,,Medium,
Apr_2023,n_658,n_576,Same,,,Medium,
Apr_2023,n_658,n_663,Same,,,Medium,
Apr_2023,n_658,n_483,Same,,,Medium,
Apr_2023,n_658,n_494,Opposite,,,Medium,
Apr_2023,n_658,n_660,Same,,,High,
Apr_2023,n_659,n_617,Same,,,Low,
Apr_2023,n_659,n_658,Same,,,Low,
Apr_2023,n_659,n_528,Same,,,Medium,
Apr_2023,n_660,n_520,Opposite,,,Low,
Apr_2023,n_660,n_515,Same,,,Low,
Apr_2023,n_660,n_604,Opposite,,,Low,
Apr_2023,n_660,n_490,Same,,,Medium,
Apr_2023,n_660,n_494,Opposite,,,Medium,
Apr_2023,n_660,n_625,Same,,,Low,
Apr_2023,n_660,n_656,Opposite,,,Medium,
Apr_2023,n_660,n_515,Same,,,Medium,
Apr_2023,n_660,n_664,Opposite,,,Low,
Apr_2023,n_661,n_662,Opposite,,,Low,
Apr_2023,n_661,n_483,Same,,,Medium,
Apr_2023,n_661,n_498,Same,,,Medium,
Apr_2023,n_661,n_660,Same,,,Medium,
Apr_2023,n_662,n_666,Same,,,Low,
Apr_2023,n_663,n_672,Same,,,Low,
Apr_2023,n_663,n_496,Same,,,Low,
Apr_2023,n_663,n_515,Same,,,Medium,
Apr_2023,n_663,n_537,Same,,,Medium,
Apr_2023,n_663,n_662,Opposite,,,Medium,
Apr_2023,n_663,n_660,Same,,,Medium,
Apr_2023,n_663,n_528,Same,,,Medium,
Apr_2023,n_664,n_497,Same,,,Low,
Apr_2023,n_667,n_528,Same,,,Low,
Apr_2023,n_668,n_528,Same,,,Low,
Apr_2023,n_669,n_554,Same,,,Low,
Apr_2023,n_669,n_614,Same,,,Medium,
Apr_2023,n_669,n_616,Same,,,Low,
Apr_2023,n_670,n_657,Same,,,Medium,
Apr_2023,n_671,n_657,Opposite,,,Medium,
Apr_2023,n_672,n_657,Same,,,Medium,
Apr_2023,n_673,n_674,Same,,,Medium,
Apr_2023,n_673,n_702,Opposite,,,Low,
Apr_2023,n_674,n_678,Same,,,Medium,
Apr_2023,n_675,n_677,Same,,,Medium,
Apr_2023,n_676,n_702,Opposite,,,Medium,
Apr_2023,n_677,n_676,Same,,,High,
Apr_2023,n_678,n_677,Same,,,Medium,
Apr_2023,n_679,n_677,Same,,,High,
Apr_2023,n_679,n_682,Same,,,Medium,
Apr_2023,n_680,n_679,Same,,,Low,
Apr_2023,n_680,n_681,Same,,,Medium,
Apr_2023,n_681,n_682,Same,,,Medium,
Apr_2023,n_682,n_702,Same,,,Medium,
Apr_2023,n_683,n_682,Same,,,Medium,
Apr_2023,n_684,n_702,Same,,,Low,
Apr_2023,n_685,n_702,Same,,,Medium,
Apr_2023,n_686,n_685,Same,,,High,
Apr_2023,n_686,n_687,Same,,,Medium,
Apr_2023,n_686,n_636,Same,,,Medium,
Apr_2023,n_686,n_693,Same,,,Medium,
Apr_2023,n_687,n_640,Same,,,Medium,
Apr_2023,n_687,n_641,Same,,,Medium,
Apr_2023,n_688,n_686,Opposite,,,Medium,
Apr_2023,n_689,n_686,Same,,,High,
Apr_2023,n_689,n_690,Opposite,,,Medium,
Apr_2023,n_691,n_689,Opposite,,,Medium,
Apr_2023,n_692,n_691,Same,,,Medium,
Apr_2023,n_692,n_636,Opposite,,,Medium,
Apr_2023,n_693,n_694,Same,,,Medium,
Apr_2023,n_694,n_649,Same,,,Medium,
Apr_2023,n_657,n_695,Same,,,Low,
Apr_2023,n_696,n_497,Same,,,Medium,
Apr_2023,n_696,n_536,Same,,,Low,
Apr_2023,n_696,n_535,Same,,,Medium,
Apr_2023,n_696,n_562,Same,,,Low,
Apr_2023,n_696,n_665,Same,,,Medium,
Apr_2023,n_696,n_702,Same,,,Medium,
Apr_2023,n_697,n_618,Same,,,Low,
Apr_2023,n_699,n_551,Same,,,Low,
Apr_2023,n_699,n_610,Same,,,Medium,
Apr_2023,n_700,n_598,Opposite,,,Medium,
Apr_2023,n_701,n_618,Same,,,Medium,
Apr_2023,n_702,n_665,Same,,,Medium,
Apr_2023,n_703,n_665,Same,,,Low,
Apr_2023,n_703,n_640,Same,,,High,
Apr_2023,n_365,n_513,connecting,,,connecting,
Apr_2023,n_310,n_704,connecting,,,connecting,
Apr_2023,n_143,n_669,connecting,,,connecting,
Apr_2023,n_146,n_617,connecting,,,connecting,
Apr_2023,n_137,n_612,connecting,,,connecting,
Apr_2023,n_706,n_715,Same,,,Medium,
Apr_2023,n_706,n_731,Opposite,,,Medium,
Apr_2023,n_706,n_770,Opposite,,,High,
Apr_2023,n_706,n_771,Opposite,,,High,
Apr_2023,n_706,n_720,Same,,,High,
Apr_2023,n_706,n_858,Same,,,High,
Apr_2023,n_707,n_706,Same,,,High,
Apr_2023,n_707,n_705,Same,,,Medium,
Apr_2023,n_708,n_706,Opposite,,,Low,
Apr_2023,n_709,n_708,Same,,,Medium,
Apr_2023,n_710,n_708,Same,,,Medium,
Apr_2023,n_711,n_710,Same,,,High,
Apr_2023,n_712,n_707,Same,,,Low,
Apr_2023,n_712,n_711,Same,,,High,
Apr_2023,n_713,n_707,Same,,,Low,
Apr_2023,n_713,n_711,Same,,,High,
Apr_2023,n_713,n_719,Same,,,Medium,
Apr_2023,n_713,n_871,Same,,,High,
Apr_2023,n_714,n_711,Same,,,High,
Apr_2023,n_715,n_711,Same,,,High,
Apr_2023,n_715,n_863,Opposite,,,Low,
Apr_2023,n_716,n_715,Opposite,,,Medium,
Apr_2023,n_717,n_707,Same,,,Low,
Apr_2023,n_717,n_711,Same,,,High,
Apr_2023,n_717,n_718,Same,,,Medium,
Apr_2023,n_718,n_708,Same,,,High,
Apr_2023,n_718,n_871,Same,,,Medium,
Apr_2023,n_719,n_718,Same,,,High,
Apr_2023,n_720,n_721,Same,,,High,
Apr_2023,n_720,n_725,Same,,,Medium,
Apr_2023,n_720,n_737,Same,,,Medium,
Apr_2023,n_720,n_738,Same,,,Medium,
Apr_2023,n_721,n_735,Same,,,High,
Apr_2023,n_721,n_857,Same,,,Medium,
Apr_2023,n_721,n_819,Same,,,High,
Apr_2023,n_722,n_721,Opposite,,,Medium,
Apr_2023,n_722,n_857,Opposite,,,Medium,
Apr_2023,n_722,n_819,Same,,,Medium,
Apr_2023,n_723,n_721,Opposite,,,Medium,
Apr_2023,n_723,n_857,Opposite,,,Medium,
Apr_2023,n_724,n_721,Opposite,,,Medium,
Apr_2023,n_724,n_857,Opposite,,,Medium,
Apr_2023,n_724,n_755,Opposite,,,Medium,
Apr_2023,n_725,n_729,Same,,,Medium,
Apr_2023,n_725,n_730,Same,,,Medium,
Apr_2023,n_725,n_731,Same,,,High,
Apr_2023,n_726,n_729,Same,,,Low,
Apr_2023,n_726,n_730,Same,,,Low,
Apr_2023,n_726,n_731,Same,,,Medium,
Apr_2023,n_726,n_723,Same,,,High,
Apr_2023,n_727,n_729,Same,,,Medium,
Apr_2023,n_727,n_730,Same,,,Medium,
Apr_2023,n_727,n_731,Opposite,,,Medium,
Apr_2023,n_727,n_723,Same,,,High,
Apr_2023,n_727,n_742,Same,,,Medium,
Apr_2023,n_728,n_729,Opposite,,,Medium,
Apr_2023,n_728,n_730,Same,,,Medium,
Apr_2023,n_728,n_731,Opposite,,,Medium,
Apr_2023,n_728,n_764,Same,,,Medium,
Apr_2023,n_728,n_724,Same,,,High,
Apr_2023,n_729,n_732,Same,,,Medium,
Apr_2023,n_729,n_864,Opposite,,,Medium,
Apr_2023,n_730,n_732,Same,,,Medium,
Apr_2023,n_731,n_732,Same,,,Medium,
Apr_2023,n_731,n_864,Opposite,,,Medium,
Apr_2023,n_733,n_730,Same,,,Medium,
Apr_2023,n_733,n_731,Same,,,Medium,
Apr_2023,n_733,n_720,Opposite,,,Medium,
Apr_2023,n_733,n_871,Same,,,Low,
Apr_2023,n_733,n_764,Opposite,,,Medium,
Apr_2023,n_734,n_733,Same,,,Medium,
Apr_2023,n_735,n_705,Same,,,Medium,
Apr_2023,n_736,n_726,Same,,,Medium,
Apr_2023,n_737,n_727,Same,,,High,
Apr_2023,n_737,n_876,Same,,,Medium,
Apr_2023,n_738,n_728,Same,,,High,
Apr_2023,n_738,n_736,Same,,,Low,
Apr_2023,n_738,n_770,Opposite,,,Medium,
Apr_2023,n_738,n_772,Same,,,Low,
Apr_2023,n_738,n_876,Same,,,Medium,
Apr_2023,n_738,n_871,Same,,,Low,
Apr_2023,n_739,n_737,Opposite,,,Medium,
Apr_2023,n_740,n_741,Same,,,Medium,
Apr_2023,n_740,n_739,Opposite,,,Medium,
Apr_2023,n_741,n_737,Same,,,Medium,
Apr_2023,n_741,n_742,Same,,,Medium,
Apr_2023,n_741,n_743,Same,,,Medium,
Apr_2023,n_742,n_731,Same,,,Low,
Apr_2023,n_742,n_746,Same,,,Low,
Apr_2023,n_742,n_826,Opposite,,,Low,
Apr_2023,n_742,n_813,Same,,,Medium,
Apr_2023,n_743,n_744,Same,,,High,
Apr_2023,n_743,n_745,Same,,,High,
Apr_2023,n_744,n_742,Same,,,Medium,
Apr_2023,n_744,n_727,Same,,,Medium,
Apr_2023,n_745,n_742,Same,,,Medium,
Apr_2023,n_745,n_727,Same,,,Low,
Apr_2023,n_747,n_739,Opposite,,,High,
Apr_2023,n_748,n_747,Same,,,High,
Apr_2023,n_749,n_737,Same,,,Low,
Apr_2023,n_749,n_738,Same,,,Low,
Apr_2023,n_750,n_749,Same,,,High,
Apr_2023,n_751,n_737,Same,,,Medium,
Apr_2023,n_751,n_738,Same,,,Medium,
Apr_2023,n_751,n_759,Same,,,Medium,
Apr_2023,n_751,n_774,Same,,,Medium,
Apr_2023,n_752,n_738,Same,,,Medium,
Apr_2023,n_753,n_752,Same,,,High,
Apr_2023,n_753,n_859,Same,,,High,
Apr_2023,n_754,n_738,Same,,,Medium,
Apr_2023,n_755,n_754,Same,,,High,
Apr_2023,n_756,n_727,Same,,,Low,
Apr_2023,n_757,n_736,Same,,,Medium,
Apr_2023,n_757,n_726,Same,,,Medium,
Apr_2023,n_757,n_756,Same,,,High,
Apr_2023,n_757,n_876,Same,,,Medium,
Apr_2023,n_757,n_788,Opposite,,,Medium,
Apr_2023,n_758,n_729,Same,,,Medium,
Apr_2023,n_758,n_730,Same,,,Medium,
Apr_2023,n_758,n_731,Same,,,Medium,
Apr_2023,n_758,n_720,Opposite,,,Medium,
Apr_2023,n_758,n_764,Opposite,,,Low,
Apr_2023,n_759,n_758,Same,,,High,
Apr_2023,n_759,n_876,Same,,,Medium,
Apr_2023,n_760,n_758,Same,,,Low,
Apr_2023,n_761,n_759,Same,,,Medium,
Apr_2023,n_763,n_758,Same,,,Medium,
Apr_2023,n_763,n_738,Same,,,Low,
Apr_2023,n_763,n_764,Opposite,,,Low,
Apr_2023,n_764,n_724,Opposite,,,High,
Apr_2023,n_764,n_754,Opposite,,,High,
Apr_2023,n_765,n_764,Same,,,High,
Apr_2023,n_765,n_766,Same,,,High,
Apr_2023,n_766,n_864,Same,,,Medium,
Apr_2023,n_766,n_775,Same,,,High,
Apr_2023,n_767,n_765,Same,,,Medium,
Apr_2023,n_768,n_761,Opposite,,,Medium,
Apr_2023,n_768,n_737,Opposite,,,Low,
Apr_2023,n_768,n_738,Opposite,,,Low,
Apr_2023,n_769,n_770,Same,,,Medium,
Apr_2023,n_769,n_771,Same,,,Medium,
Apr_2023,n_770,n_767,Opposite,,,High,
Apr_2023,n_770,n_768,Opposite,,,Medium,
Apr_2023,n_772,n_770,Same,,,High,
Apr_2023,n_772,n_771,Same,,,High,
Apr_2023,n_772,n_773,Same,,,High,
Apr_2023,n_773,n_861,Same,,,Medium,
Apr_2023,n_774,n_772,Same,,,High,
Apr_2023,n_775,n_774,Same,,,Medium,
Apr_2023,n_776,n_757,Same,,,High,
Apr_2023,n_776,n_791,Same,,,High,
Apr_2023,n_776,n_811,Same,,,High,
Apr_2023,n_776,n_792,Same,,,High,
Apr_2023,n_776,n_845,Same,,,Medium,
Apr_2023,n_777,n_791,Same,,,Medium,
Apr_2023,n_777,n_779,Same,,,Medium,
Apr_2023,n_777,n_861,Same,,,Medium,
Apr_2023,n_778,n_776,Opposite,,,High,
Apr_2023,n_779,n_776,Same,,,High,
Apr_2023,n_780,n_779,Same,,,Medium,
Apr_2023,n_780,n_870,Same,,,Low,
Apr_2023,n_780,n_840,Same,,,Low,
Apr_2023,n_781,n_779,Same,,,Low,
Apr_2023,n_782,n_779,Same,,,Low,
Apr_2023,n_783,n_779,Same,,,Medium,
Apr_2023,n_784,n_778,Opposite,,,Medium,
Apr_2023,n_785,n_778,Opposite,,,Medium,
Apr_2023,n_785,n_788,Same,,,Medium,
Apr_2023,n_786,n_785,Same,,,High,
Apr_2023,n_786,n_776,Same,,,Low,
Apr_2023,n_787,n_778,Opposite,,,Medium,
Apr_2023,n_788,n_787,Same,,,High,
Apr_2023,n_788,n_790,Opposite,,,Medium,
Apr_2023,n_789,n_788,Same,,,High,
Apr_2023,n_790,n_791,Opposite,,,Medium,
Apr_2023,n_791,n_788,Same,,,Medium,
Apr_2023,n_792,n_787,Opposite,,,Medium,
Apr_2023,n_793,n_705,Same,,,Low,
Apr_2023,n_794,n_705,Same,,,Low,
Apr_2023,n_795,n_804,Same,,,High,
Apr_2023,n_795,n_805,Same,,,Medium,
Apr_2023,n_795,n_800,Same,,,High,
Apr_2023,n_796,n_795,Same,,,Medium,
Apr_2023,n_797,n_795,Same,,,Medium,
Apr_2023,n_798,n_795,Same,,,Medium,
Apr_2023,n_799,n_795,Same,,,Medium,
Apr_2023,n_800,n_801,Same,,,Low,
Apr_2023,n_801,n_805,Opposite,,,Medium,
Apr_2023,n_801,n_802,Same,,,Medium,
Apr_2023,n_802,n_803,Same,,,Medium,
Apr_2023,n_802,n_726,Same,,,Low,
Apr_2023,n_803,n_801,Same,,,Low,
Apr_2023,n_804,n_812,Same,,,Medium,
Apr_2023,n_805,n_807,Same,,,High,
Apr_2023,n_806,n_807,Same,,,Low,
Apr_2023,n_807,n_808,Same,,,Medium,
Apr_2023,n_807,n_809,Same,,,Medium,
Apr_2023,n_807,n_813,Same,,,Medium,
Apr_2023,n_807,n_816,Same,,,Medium,
Apr_2023,n_807,n_803,Same,,,Medium,
Apr_2023,n_808,n_793,Same,,,High,
Apr_2023,n_808,n_812,Same,,,Medium,
Apr_2023,n_808,n_818,Same,,,Low,
Apr_2023,n_809,n_793,Same,,,Low,
Apr_2023,n_809,n_812,Same,,,Medium,
Apr_2023,n_809,n_818,Same,,,Low,
Apr_2023,n_809,n_817,Opposite,,,Low,
Apr_2023,n_809,n_787,Opposite,,,Medium,
Apr_2023,n_810,n_808,Opposite,,,Medium,
Apr_2023,n_810,n_809,Opposite,,,Medium,
Apr_2023,n_811,n_808,Opposite,,,Medium,
Apr_2023,n_811,n_809,Same,,,Medium,
Apr_2023,n_811,n_876,Same,,,Medium,
Apr_2023,n_812,n_801,Same,,,High,
Apr_2023,n_813,n_812,Same,,,Medium,
Apr_2023,n_813,n_815,Same,,,High,
Apr_2023,n_814,n_813,Same,,,Low,
Apr_2023,n_814,n_764,Opposite,,,Low,
Apr_2023,n_814,n_770,Same,,,Low,
Apr_2023,n_815,n_707,Same,,,Low,
Apr_2023,n_816,n_812,Same,,,Medium,
Apr_2023,n_817,n_705,Same,,,High,
Apr_2023,n_818,n_817,Same,,,High,
Apr_2023,n_818,n_830,Opposite,,,Medium,
Apr_2023,n_819,n_818,Same,,,Medium,
Apr_2023,n_820,n_818,Same,,,Medium,
Apr_2023,n_820,n_868,Same,,,Medium,
Apr_2023,n_821,n_818,Same,,,Medium,
Apr_2023,n_821,n_866,Same,,,Medium,
Apr_2023,n_822,n_818,Same,,,Medium,
Apr_2023,n_823,n_705,Same,,,Medium,
Apr_2023,n_823,n_843,Opposite,,,Medium,
Apr_2023,n_824,n_823,Same,,,Low,
Apr_2023,n_825,n_823,Same,,,Medium,
Apr_2023,n_826,n_823,Same,,,Medium,
Apr_2023,n_827,n_830,Same,,,Medium,
Apr_2023,n_827,n_835,Same,,,High,
Apr_2023,n_827,n_838,Same,,,Medium,
Apr_2023,n_828,n_827,Same,,,Medium,
Apr_2023,n_828,n_846,Same,,,Medium,
Apr_2023,n_828,n_845,Same,,,Medium,
Apr_2023,n_829,n_828,Same,,,Medium,
Apr_2023,n_831,n_830,Same,,,High,
Apr_2023,n_831,n_870,Opposite,,,High,
Apr_2023,n_832,n_830,Opposite,,,High,
Apr_2023,n_832,n_870,Same,,,High,
Apr_2023,n_833,n_830,Same,,,Low,
Apr_2023,n_834,n_830,Same,,,Low,
Apr_2023,n_835,n_830,Opposite,,,Low,
Apr_2023,n_836,n_838,Same,,,Medium,
Apr_2023,n_837,n_836,Same,,,Medium,
Apr_2023,n_837,n_846,Same,,,Medium,
Apr_2023,n_837,n_845,Same,,,Medium,
Apr_2023,n_838,n_705,Same,,,Low,
Apr_2023,n_839,n_837,Same,,,Medium,
Apr_2023,n_840,n_839,Same,,,High,
Apr_2023,n_840,n_865,Same,,,High,
Apr_2023,n_840,n_867,Same,,,Medium,
Apr_2023,n_840,n_843,Opposite,,,Medium,
Apr_2023,n_841,n_840,Same,,,Medium,
Apr_2023,n_841,n_843,Opposite,,,Medium,
Apr_2023,n_842,n_840,Opposite,,,Medium,
Apr_2023,n_842,n_843,Same,,,Medium,
Apr_2023,n_844,n_843,Opposite,,,Low,
Apr_2023,n_845,n_838,Opposite,,,Low,
Apr_2023,n_847,n_827,Same,,,Low,
Apr_2023,n_847,n_848,Same,,,Low,
Apr_2023,n_847,n_817,Opposite,,,Low,
Apr_2023,n_848,n_825,Same,,,Low,
Apr_2023,n_849,n_847,Same,,,High,
Apr_2023,n_850,n_849,Same,,,High,
Apr_2023,n_851,n_850,Same,,,High,
Apr_2023,n_852,n_851,Same,,,High,
Apr_2023,n_852,n_848,Same,,,High,
Apr_2023,n_853,n_849,Same,,,Medium,
Apr_2023,n_854,n_816,Same,,,High,
Apr_2023,n_854,n_853,Same,,,Medium,
Apr_2023,n_854,n_851,Same,,,Medium,
Apr_2023,n_854,n_855,Same,,,Medium,
Apr_2023,n_855,n_736,Same,,,Medium,
Apr_2023,n_856,n_854,Same,,,High,
Apr_2023,n_857,n_858,Opposite,,,Low,
Apr_2023,n_857,n_863,Same,,,Medium,
Apr_2023,n_857,n_813,Opposite,,,Medium,
Apr_2023,n_857,n_860,Opposite,,,Medium,
Apr_2023,n_857,n_859,Opposite,,,Medium,
Apr_2023,n_857,n_754,Same,,,High,
Apr_2023,n_858,n_861,Same,,,Medium,
Apr_2023,n_858,n_754,Same,,,Low,
Apr_2023,n_858,n_752,Same,,,Low,
Apr_2023,n_858,n_731,Same,,,Low,
Apr_2023,n_858,n_734,Same,,,Medium,
Apr_2023,n_858,n_761,Same,,,Medium,
Apr_2023,n_858,n_709,Same,,,Medium,
Apr_2023,n_859,n_861,Same,,,Low,
Apr_2023,n_860,n_861,Same,,,Low,
Apr_2023,n_861,n_863,Same,,,Medium,
Apr_2023,n_862,n_861,Same,,,Low,
Apr_2023,n_863,n_865,Same,,,Medium,
Apr_2023,n_863,n_866,Same,,,Medium,
Apr_2023,n_864,n_863,Same,,,Low,
Apr_2023,n_866,n_867,Same,,,Medium,
Apr_2023,n_867,n_865,Same,,,Medium,
Apr_2023,n_868,n_865,Same,,,Medium,
Apr_2023,n_868,n_866,Same,,,Medium,
Apr_2023,n_869,n_865,Same,,,Medium,
Apr_2023,n_870,n_868,Same,,,Medium,
Apr_2023,n_870,n_820,Opposite,,,Low,
Apr_2023,n_870,n_810,Same,,,High,
Apr_2023,n_870,n_857,Same,,,Medium,
Apr_2023,n_870,n_830,Opposite,,,Medium,
Apr_2023,n_871,n_872,Opposite,,,Medium,
Apr_2023,n_871,n_873,Same,,,Medium,
Apr_2023,n_872,n_713,Same,,,Low,
Apr_2023,n_872,n_718,Same,,,Low,
Apr_2023,n_872,n_738,Same,,,Low,
Apr_2023,n_872,n_733,Same,,,Low,
Apr_2023,n_872,n_874,Opposite,,,Medium,
Apr_2023,n_873,n_872,Same,,,High,
Apr_2023,n_874,n_875,Same,,,Medium,
Apr_2023,n_875,n_713,Opposite,,,Low,
Apr_2023,n_875,n_718,Opposite,,,Low,
Apr_2023,n_875,n_738,Opposite,,,Low,
Apr_2023,n_875,n_733,Opposite,,,Low,
Apr_2023,n_876,n_877,Opposite,,,Medium,
Apr_2023,n_876,n_878,Same,,,Medium,
Apr_2023,n_877,n_827,Same,,,Low,
Apr_2023,n_877,n_836,Same,,,Low,
Apr_2023,n_877,n_811,Same,,,Low,
Apr_2023,n_877,n_804,Same,,,Low,
Apr_2023,n_877,n_757,Same,,,Low,
Apr_2023,n_877,n_737,Same,,,Low,
Apr_2023,n_877,n_738,Same,,,Low,
Apr_2023,n_877,n_759,Same,,,Low,
Apr_2023,n_877,n_772,Same,,,Low,
Apr_2023,n_878,n_877,Same,,,High,
Apr_2023,n_879,n_811,Opposite,,,Low,
Apr_2023,n_879,n_804,Opposite,,,Low,
Apr_2023,n_879,n_757,Opposite,,,Low,
Apr_2023,n_879,n_737,Opposite,,,Low,
Apr_2023,n_879,n_738,Opposite,,,Low,
Apr_2023,n_879,n_759,Opposite,,,Low,
Apr_2023,n_879,n_772,Opposite,,,Low,
Apr_2023,n_880,n_878,Same,,,Medium,
Apr_2023,n_820,n_234,connecting,,,connecting,
Apr_2023,n_821,n_234,connecting,,,connecting,
Apr_2023,n_822,n_640,connecting,,,connecting,
Apr_2023,n_826,n_641,connecting,,,connecting,
Apr_2023,n_796,n_233,connecting,,,connecting,
Apr_2023,n_797,n_456,connecting,,,connecting,
Apr_2023,n_798,n_647,connecting,,,connecting,
Apr_2023,n_792,n_650,connecting,,,connecting,
Apr_2023,n_746,n_254,connecting,,,connecting,
Apr_2023,n_735,n_343,connecting,,,connecting,
Apr_2023,n_736,n_187,connecting,,,connecting,
Apr_2023,n_713,n_311,connecting,,,connecting,
Apr_2023,n_712,n_181,connecting,,,connecting,
Apr_2023,n_863,n_165,connecting,,,connecting,
Apr_2023,n_868,n_165,connecting,,,connecting,
