"","data_name","System","Variable.ID","Section.on.Systems.Map","Variable.Name","Description","Value","Unit","Source.organisation","Weblink","Tags","data_version"
"1","System Map Data: Jan_2023","Land Use & Natural Resources","n_2","Socio-Economics","Ability To Invest In Future Proofing","Farmers ability to invest in long term planning","","","","","",2
"2","System Map Data: Jan_2023","Transport","n_299","Cars","Emissions From Cars","","","","","","",2
"3","System Map Data: Jan_2023","Transport","n_300","Cars","Cost Of Car Rental","","","","","","",2
"4","System Map Data: Jan_2023","Land Use & Natural Resources","n_1","Net Emissions","Net Carbon Emissions","Total UK net carbon dioxide equivalent GHG emissions","405.5","Million tonnes CO2 equivalent ","Department for Business, Energy & Industrial Strategy","2020 UK Greenhouse Gas Emissions, Final Figures (publishing.service.gov.uk)","",2
"5","System Map Data: Jan_2023","Transport","n_301","Cars","Car Journey Sharing","","","","","","",2
"6","System Map Data: Jan_2023","Transport","n_302","Cars","Cost Of Car Travel","","","","","","",2
"7","System Map Data: Jan_2023","Transport","n_303","Cars","Fuel Costs","","","","","","",2
"8","System Map Data: Jan_2023","Transport","n_304","Cars","Parking Costs","","","","","","",2
"9","System Map Data: Jan_2023","Transport","n_305","Cars","Congestion Charges & LEZs","","","","","","",2
"10","System Map Data: Jan_2023","Transport","n_306","Cars","Cost Of Car Ownership","","","","","","",2
"11","System Map Data: Jan_2023","Land Use & Natural Resources","n_3","Socio-Economics","Ageing Farmer Population","Age of current active farmers in the UK","","","","","Green Jobs, Behaviour Change",2
"12","System Map Data: Jan_2023","Land Use & Natural Resources","n_4","Arable ","Agricultural Productivity/Yield","The yield that is produced by a given amount of farmland","135.71","unitless (index)","Department for Environment, Food & Rural Affairs","Total factor productivity for England by farm type - GOV.UK (www.gov.uk)","",2
"13","System Map Data: Jan_2023","Land Use & Natural Resources","n_5","Arable ","Artificial Input Usage","The total amount of artificial inputs used on land including fertilisers and pesticides","1147","million £","Department for Environment, Food & Rural Affairs","Agriculture in the United Kingdom data sets - GOV.UK (www.gov.uk)","",2
"14","System Map Data: Jan_2023","Land Use & Natural Resources","n_6","Arable ","Availability Of Crop Residues","The total availability of residues from crops that can be used in Anaerobic digestion","460","Thousand Tonnes","Department for Environment, Food & Rural Affairs","Crops Grown for Bioenergy in the UK 2019 (publishing.service.gov.uk)","",2
"15","System Map Data: Jan_2023","Land Use & Natural Resources","n_7","Socio-Economics","Availability Of Incentives (Financial)","The availability of financial incentives and payments to farmers","","","","","",2
"16","System Map Data: Jan_2023","Land Use & Natural Resources","n_8","Socio-Economics","Average Size Of Farms","The average size of farms in the UK","","","","","",2
"17","System Map Data: Jan_2023","Land Use & Natural Resources","n_9","Arable ","Breeding Resilient Crop Varieties","The extent to which crops are bred to me more resilient to adverse conditions and pests","","","","","",2
"18","System Map Data: Jan_2023","Land Use & Natural Resources","n_10","Arable ","Pesticide Resistance","The extent to which pests develop resistance to pesticides","","","","","",2
"19","System Map Data: Jan_2023","Land Use & Natural Resources","n_11","Arable ","Controlled Environment Production","The amount of crop grown in controlled environments e.g. greenhouses, polytunnels","","","","","",2
"20","System Map Data: Jan_2023","Land Use & Natural Resources","n_12","Arable ","Crop Import Transport Emissions","The total emissions caused by the import of crops from the country of origin","","","","","",2
"21","System Map Data: Jan_2023","Land Use & Natural Resources","n_13","Arable ","Delivery Of On-Farm Carbon Saving Activities","The amount to which techniques are used be farmers to reduce energy usage and emissions","56","% of holdings currently taking action to reduce GHG emissions from the farm","Department for Environment, Food & Rural Affairs","https://www.gov.uk/government/statistics/farm-practices-survey-february-2021-greenhouse-gas-mitigation-practices","",2
"22","System Map Data: Jan_2023","Land Use & Natural Resources","n_14","Arable ","Emissions From Motive Power","The total emissions from on-farm motive power e.g. tractors","~5","Million tonnes CO2 equivalent ","Climate Change Committee","Sector-summary-Agriculture-land-use-land-use-change-forestry.pdf (theccc.org.uk)","",2
"23","System Map Data: Jan_2023","Land Use & Natural Resources","n_18","Socio-Economics","Farm Economies Of Scale","The economies of scale available to larger or more productive farms","","","","","",2
"24","System Map Data: Jan_2023","Land Use & Natural Resources","n_19","Arable ","Resistance Management","The extent to which farmers manage against pesticide resistance","","","","","",2
"25","System Map Data: Jan_2023","Land Use & Natural Resources","n_22","Arable ","Food Crop Demand","The total UK demand for crops for food","","","","","",2
"26","System Map Data: Jan_2023","Land Use & Natural Resources","n_26","Arable ","Intensification Practices","The extent to which farmers are adopting more intensive farming practices","","","","","",2
"27","System Map Data: Jan_2023","Land Use & Natural Resources","n_15","Arable ","Exported Crop Production Emissions","The total crop production emissions that occur outside of the UK due to imports","","","","","",2
"28","System Map Data: Jan_2023","Land Use & Natural Resources","n_16","Arable ","Exported Crops","The total amount of UK produced crops exported","2267","Thousand Tonnes","","https://www.gov.uk/government/statistical-data-sets/agriculture-in-the-united-kingdom","",2
"29","System Map Data: Jan_2023","Land Use & Natural Resources","n_17","Socio-Economics","Farm Business Viability (Financial)","The extent to which farms are financially viable/successful","","","","","",2
"30","System Map Data: Jan_2023","Land Use & Natural Resources","n_20","Socio-Economics","Farmers Adapting To Sustainable Models","The number of farmers adapting to more sustainable models","56","% of holdings currently taking action to reduce GHG emissions from the farm","Department for Environment, Food & Rural Affairs","https://www.ons.gov.uk/economy/environmentalaccounts/datasets/lowcarbonandrenewableenergyeconomyfirstestimatesdataset","",2
"31","System Map Data: Jan_2023","Land Use & Natural Resources","n_21","Socio-Economics","Farmers Exiting The Sector","The number of farmers that are exiting the sector","","","","","Green Jobs, Behaviour Change",2
"32","System Map Data: Jan_2023","Land Use & Natural Resources","n_23","Arable ","Food Waste","The amount of food that is wasted","9.5","Million  Tonnes","UK Parliament - House of Lords Library &
Waste and Resources Action Programme (WRAP)","Food waste in the UK - House of Lords Library (parliament.uk)","",2
"33","System Map Data: Jan_2023","Land Use & Natural Resources","n_24","Arable ","Heating And Electricity Demand","The amount of demand for on farm electricity and heating","455","million £","Department for Environment, Food & Rural Affairs","Agriculture in the United Kingdom data sets - GOV.UK (www.gov.uk)","",2
"34","System Map Data: Jan_2023","Land Use & Natural Resources","n_25","Arable ","Import Of Crops","The amount of crops imported for the UK","4853","Thousand Tonnes","Department for Environment, Food & Rural Affairs","Agriculture in the United Kingdom data sets - GOV.UK (www.gov.uk)","",2
"35","System Map Data: Jan_2023","Land Use & Natural Resources","n_27","Socio-Economics","International Commodity Prices","Prices of different goods in the international market","","","","","",2
"36","System Map Data: Jan_2023","Land Use & Natural Resources","n_28","Arable ","Land Used For Crops","The total amount of land used for crops in the UK","3.746","Million Hectares","Department for Environment, Food & Rural Affairs","https://assets.publishing.service.gov.uk/government/uploads/system/uploads/attachment_data/file/1051056/Structure-jun2021final-england-27jan22.odt","",2
"37","System Map Data: Jan_2023","Land Use & Natural Resources","n_29","Socio-Economics","Length Of Tenancies","the average length of tenancies for farmers working on rented land","","","","","",2
"38","System Map Data: Jan_2023","Land Use & Natural Resources","n_30","Arable ","Low Input/Tillage Agricultural Practices","The extent to which low input and low tillage practices are used by farmers","3","% of UK arable area that is farmed using Conservation Agriculture (zero tillage)","Farmers' Weekly","https://www.fwi.co.uk/arable/many-uk-growers-missing-benefits-zero-tillage","",2
"39","System Map Data: Jan_2023","Land Use & Natural Resources","n_56","Bioenergy & Renewables","Biomass Transport Emissions","The emissions resulting in the transport of biomass","","","","","",2
"40","System Map Data: Jan_2023","Land Use & Natural Resources","n_83","Livestock ","Availability Of Manure And Waste","The availability of waste produced by livestock","","","","","",2
"41","System Map Data: Jan_2023","Land Use & Natural Resources","n_84","Livestock ","Best Practice Grazing","The use of best practice grazing and livestock management by farmers","","","","","",2
"42","System Map Data: Jan_2023","Land Use & Natural Resources","n_31","Arable ","Mineral Fertiliser Usage","The amount of mineral/artifical fertiliser used in the UK","1147","million £","Department for Environment, Food & Rural Affairs","Agriculture in the United Kingdom data sets - GOV.UK (www.gov.uk)","",2
"43","System Map Data: Jan_2023","Land Use & Natural Resources","n_32","Socio-Economics","New Entrants To The Farming Sector","The number of new entrants to the farming sector i.e. people without a farming background becoming farmers","","","","","",2
"44","System Map Data: Jan_2023","Land Use & Natural Resources","n_33","Arable ","Urban Food Production","The amount of food production happening within an urban environment","","","","","",2
"45","System Map Data: Jan_2023","Land Use & Natural Resources","n_34","Arable ","Pesticide Usage","The total amount of pesticide used in the UK","1097","million £","Department for Environment, Food & Rural Affairs","Agriculture in the United Kingdom data sets - GOV.UK (www.gov.uk)","",2
"46","System Map Data: Jan_2023","Land Use & Natural Resources","n_35","Arable ","Resilience Of Agricultural Systems","The extent to which agricultural systems are resilient and can cope with changing or adverse conditions","","","","","",2
"47","System Map Data: Jan_2023","Land Use & Natural Resources","n_36","Arable ","Skills, Advice And Guidance","The availability of skills, advice, and guidance within the farming community to employ more sustainable methods.","","","","","",2
"48","System Map Data: Jan_2023","Land Use & Natural Resources","n_37","Socio-Economics","Succession Planning Among Farmers","The extent to which farmers plan for someone to continue the operations of their farms after they retire","","","","","",2
"49","System Map Data: Jan_2023","Land Use & Natural Resources","n_38","Arable ","UK Emissions From Crop Production","The total carbon dioxide equivalent emissions from crop production","15.9","Million tonnes CO2 equivalent ","Department for Business, Energy & Industrial Strategy","UK Greenhouse Gas Inventory, 1990 to 2019 (defra.gov.uk)","",2
"50","System Map Data: Jan_2023","Land Use & Natural Resources","n_39","Arable ","UK Crop Demand","The total demand for crops from the UK market","","","","","",2
"51","System Map Data: Jan_2023","Land Use & Natural Resources","n_40","Arable ","Uk Crop Production","The total amount of crops produced in the UK","17.3","Million Hectares","Department for Environment, Food & Rural Affairs","Farming statistics - final crop areas, yields, livestock populations and agricultural workforce at 1 June 2020 - UK (publishing.service.gov.uk)","",2
"52","System Map Data: Jan_2023","Land Use & Natural Resources","n_41","Bioenergy & Renewables","Anaerobic Digestors","Number of anaerobic digestors operating in the UK","579","Number of Operational Anaerobic Digestion Plants","Department for Environment, Food & Rural Affairs","Section 3: Anaerobic digestion - GOV.UK (www.gov.uk)","",2
"53","System Map Data: Jan_2023","Land Use & Natural Resources","n_42","Bioenergy & Renewables","Arable Bioenergy Crop Production (Incl. Maize)","Total production of arable bioenergy crops in the UK which includes maize","3626","Thousand Hectares","Department for Environment, Food & Rural Affairs","https://www.google.com/url?sa=t&rct=j&q=&esrc=s&source=web&cd=&cad=rja&uact=8&ved=2ahUKEwiszqrmpvL1AhU1kFwKHfy4CiwQFnoECA0QAQ&url=https%3A%2F%2Fassets.publishing.service.gov.uk%2Fgovernment%2Fuploads%2Fsystem%2Fuploads%2Fattachment_data%2Ffile%2F943264%2F","",2
"54","System Map Data: Jan_2023","Land Use & Natural Resources","n_47","Bioenergy & Renewables","Biomass Crops Demand","UK Demand for crops to be used for bioenergy and biofuel","","","","","",2
"55","System Map Data: Jan_2023","Land Use & Natural Resources","n_48","Bioenergy & Renewables","Investment In Anaerobic Digestion","The amount of investment in biogas","","","","","",2
"56","System Map Data: Jan_2023","Land Use & Natural Resources","n_43","Bioenergy & Renewables","Availability Of Digestate","Total availability of digestate from anaerobic digestion to be used as fetilizer","","","","","",2
"57","System Map Data: Jan_2023","Land Use & Natural Resources","n_44","Bioenergy & Renewables","Bioenergy Power Plants","Total number of power plants running on biofuels in the UK","226","Number of Bioenergy Plants","","Biomass Plants - UK Electricity Production","",2
"58","System Map Data: Jan_2023","Land Use & Natural Resources","n_45","Bioenergy & Renewables","Biofuel Production","Total liquid biofuel production in the UK","293000000","Litres/Kilograms","Department for Environment, Food & Rural Affairs","Section 1: Biofuels - GOV.UK (www.gov.uk)","",2
"59","System Map Data: Jan_2023","Land Use & Natural Resources","n_46","Bioenergy & Renewables","Biogas Production","Total biogas production in the UK","1254","Gigawatt hour (GWh) of energy produced under the RHI scheme ","Department for Environment, Food & Rural Affairs","Area of crops grown for bioenergy in England and the UK: 2008-2020 - GOV.UK (www.gov.uk)","",2
"60","System Map Data: Jan_2023","Land Use & Natural Resources","n_49","Bioenergy & Renewables","AD Feedstock Availability","The availability of feedstocks that are used in anaerobic digestion","","","","","",2
"61","System Map Data: Jan_2023","Land Use & Natural Resources","n_50","Bioenergy & Renewables","Carbon Intensity Of Electricity","The amount of carbon created for each unit on energy generated in the electricity grid","Varies by day - see data","CO2 emissions produced per kilowatt hour of electricity consumed (gCO2/kWh) ","National Grid ESO","https://carbonintensity.org.uk/","",2
"62","System Map Data: Jan_2023","Land Use & Natural Resources","n_51","Bioenergy & Renewables","Dependency On Biomass","The extent to which bioenergy/biofuels are relied upon as sources of energy/fuel in the UK","","","","","",2
"63","System Map Data: Jan_2023","Land Use & Natural Resources","n_52","Bioenergy & Renewables","Farmer Acceptance Of Change To Biomass","The extent to which farmers accept change from producing food to biomass feedstocks","","","","","",2
"64","System Map Data: Jan_2023","Land Use & Natural Resources","n_53","Bioenergy & Renewables","Investment In Bioenergy","The amount of investment in bioenergy","26","million £, UK government funding","Department for Business, Energy & Industrial Strategy","https://www.gov.uk/government/news/26-million-government-funding-to-boost-biomass-in-uk","",2
"65","System Map Data: Jan_2023","Land Use & Natural Resources","n_54","Bioenergy & Renewables","Land Used For Green Energy Infrastructure","The amount of land used for green energy infrastructure, including solar, wind, and bioenergy","","","","","",2
"66","System Map Data: Jan_2023","Land Use & Natural Resources","n_55","Bioenergy & Renewables","Opportunities For BECCS","The number of bioenergy plants that can use carbon capture and storage","","","","","",2
"67","System Map Data: Jan_2023","Land Use & Natural Resources","n_57","Bioenergy & Renewables","Solar And Wind Energy Farms","Number of solar and wind energy farms built on land","8000 - Wind Businesses (UK)
27,500 - Solar Businesses (UK)","Number of businesses (UK)","Office for National Statistics","https://www.ons.gov.uk/economy/environmentalaccounts/datasets/lowcarbonandrenewableenergyeconomyfirstestimatesdataset","",2
"68","System Map Data: Jan_2023","Land Use & Natural Resources","n_138","Trees","Urban Developments On Forested Area","The amount of urban development occuring on forested area","","","","","",2
"69","System Map Data: Jan_2023","Land Use & Natural Resources","n_139","Trees","Market For Carbon Offsetting","The size of the UK market for carbon offsetting","","","","","",2
"70","System Map Data: Jan_2023","Land Use & Natural Resources","n_140","Urban Development","Average Size Of Developments","The average size of urban developments in the UK","","","","","",2
"71","System Map Data: Jan_2023","Land Use & Natural Resources","n_58","Bioenergy & Renewables","Straw Offtake For Biomass","The amount of crop residues removed from fields for use in biomass","191, 340","Tonnes","Department for Environment, Food & Rural Affairs","Crops Grown for Bioenergy in the UK 2019 (publishing.service.gov.uk)","",2
"72","System Map Data: Jan_2023","Land Use & Natural Resources","n_59","Bioenergy & Renewables","Viability Of Anerobic Digestors","The economic viability of runnning anaerobic digestors","","","","","",2
"73","System Map Data: Jan_2023","Land Use & Natural Resources","n_60","Bioenergy & Renewables","Viability Of Bioenergy Plants","The economic viability of running bioenergy plants","","","","","",2
"74","System Map Data: Jan_2023","Land Use & Natural Resources","n_61","Bioenergy & Renewables","Woody Biomass Production","Total production of woody biomass crops in the UK","","","","","",2
"75","System Map Data: Jan_2023","Land Use & Natural Resources","n_62","Environment & Soils","Adoption Of Agri-Environmental Schemes","The extent to which government agri-environmental schemes are adopted by farmers","3.6","Million Hectares","JNCC","UKBI - B1a. Agri-environment schemes | JNCC - Adviser to Government on Nature Conservation","",2
"76","System Map Data: Jan_2023","Land Use & Natural Resources","n_63","Trees","Agroforestry","The amount of agroforestry where trees and agriculture are combined on the same land","3.3","% of farmland in the UK that is agroforestry ","Woodlands Trust","State of the UK's Woods and Trees 2021 (woodlandtrust.org.uk)","",2
"77","System Map Data: Jan_2023","Land Use & Natural Resources","n_64","Environment & Soils","Air Quality","The quality of air in the UK measured by levels of the five key harmful pollutants in the air","Varies for roadside monitoring sites and urban background sites","Microgram per cubic metre of air (µg/m3)","Department for Environment, Food & Rural Affairs","Data Selector Tool - Defra, UK","",2
"78","System Map Data: Jan_2023","Land Use & Natural Resources","n_65","Environment & Soils","Carbon Storage/Abatement In Soil","The amount of carbon stored in soil","10","Billion Tonnes of Carbon","UK Parliament - POST","Soil as an essential national asset - POST (parliament.uk)","",2
"79","System Map Data: Jan_2023","Land Use & Natural Resources","n_66","Environment & Soils","Coherent Landscape Management","The extent to which a landscape level plan to manage enviornmental impact is implemented","","","","","",2
"80","System Map Data: Jan_2023","Land Use & Natural Resources","n_67","Environment & Soils","Cover Crop Growing","The growing of cover crops to prevent soil being left uncovered","","","","","",2
"81","System Map Data: Jan_2023","Land Use & Natural Resources","n_68","Environment & Soils","Diffuse Pollution","The amount of diffuse pollution from urban areas and agriculture","","","The Parliamentary Office of Science and Technology","Reducing Diffuse Pollution of Water by Agriculture (parliament.uk)","",2
"82","System Map Data: Jan_2023","Land Use & Natural Resources","n_69","Environment & Soils","Effectiveness Of Conservation Programmes","The effectiveness of implementation of conservation programs in the UK","","","","","",2
"83","System Map Data: Jan_2023","Land Use & Natural Resources","n_70","Environment & Soils","Habitat (Quality And Quantity)","The quality and quantity of habitats in the UK","","","","","",2
"84","System Map Data: Jan_2023","Land Use & Natural Resources","n_71","Environment & Soils","Habitat Fragmentation","The extent to which habitats are fragmented into seperate pockets","","","","","",2
"85","System Map Data: Jan_2023","Land Use & Natural Resources","n_75","Environment & Soils","Public Health And Wellbeing","The health and wellbeing of the population","","","","","",2
"86","System Map Data: Jan_2023","Land Use & Natural Resources","n_78","Environment & Soils","Risk Of Soil Acidification","The risk of soils becoming acidified","","","","","",2
"87","System Map Data: Jan_2023","Land Use & Natural Resources","n_72","Environment & Soils","Land Designated As Protected Area","The amount of land designated as protected areas","6.793","Million Hectares","JNCC","UKBI - C1. Protected areas | JNCC - Adviser to Government on Nature Conservation","",2
"88","System Map Data: Jan_2023","Land Use & Natural Resources","n_73","Environment & Soils","Landscape Character","The distinct, recognisable and consistent pattern of elements in the landscape","","","","","",2
"89","System Map Data: Jan_2023","Land Use & Natural Resources","n_74","Environment & Soils","Net Soil Emissions","The net carbon equivalent GHG emissions emitted/abated by soils","12.452","Million tonnes CO2 equivalent ","Department for Business, Energy & Industrial Strategy","2019 UK Greenhouse Gas Emissions, Final Figures (publishing.service.gov.uk)","",2
"90","System Map Data: Jan_2023","Land Use & Natural Resources","n_76","Environment & Soils","Quality And Length Of Hedgerows","The quality and extent of hedgerows in the UK","402000","Kilometres","Hedgelinks &
UK Centre for Ecology and Hydrology (UKCEH)","Importance of hedgerows | Hedgelink","",2
"91","System Map Data: Jan_2023","Land Use & Natural Resources","n_77","Environment & Soils","Mixed And Regenerative Farming","Farming practices that reduce damage to soil structure and restore nutrients","","","","","",2
"92","System Map Data: Jan_2023","Land Use & Natural Resources","n_79","Environment & Soils","Soil Health","The overall health of soils based on biological and nutrient content and its structure","","","","","",2
"93","System Map Data: Jan_2023","Land Use & Natural Resources","n_80","Environment & Soils","Species Abundance/Diversity","The abundance of species and the diversity of different species","0.5","Biodiversity Intactness Index","Royal Society for the Protection of Birds","48398rspb-biodivesity-intactness-index-summary-report-v4.pdf","",2
"94","System Map Data: Jan_2023","Land Use & Natural Resources","n_81","Livestock ","Alternative Animal Feeds","The use of alternative sources of livestock feed from less carbon intensive sources","","","","","",2
"95","System Map Data: Jan_2023","Land Use & Natural Resources","n_82","Livestock ","Alternative Proteins (Meat Substitutes)","The availability of alternative source of proteins to replace meat in diets","","","","","",2
"96","System Map Data: Jan_2023","Land Use & Natural Resources","n_85","Livestock ","Breeding For Resource Efficiency","Breeding of livestock to be more emissions efficient in converting feed to mass","33% cattle
21% lambs","% farms using estimated breeding value","Department for Environment, Food & Rural Affairs","https://assets.publishing.service.gov.uk/government/uploads/system/uploads/attachment_data/file/835762/agriclimate-9edition-02oct19.pdf","",2
"97","System Map Data: Jan_2023","Land Use & Natural Resources","n_86","Livestock ","Carbon Footprint Of Feed","The carbon footprint of livestock feed","","","Centre for Innovation Excellence in Livestock","CIEL-Net-Zero-Carbon-UK-Livestock_2020_Interactive.pdf (cielivestock.co.uk)","",2
"98","System Map Data: Jan_2023","Land Use & Natural Resources","n_87","Livestock ","Carbon Intensity Of Livestock Type","The carbon intensity of the different types of livestock produced i.e. beef would be higher than chicken","Varies by livestock type (beef cattle, dairy cattle, sheep, pig - see comments)","kg CO2e / kg meat (or / milk volume for dairy)","Department for Environment, Food & Rural Affairs","Agri-climate report 2021 - GOV.UK (www.gov.uk)","",2
"99","System Map Data: Jan_2023","Land Use & Natural Resources","n_142","Urban Development","Land For Civil Infrastructure","The amount of land used for civil infrastructure in the UK","","","","","",2
"100","System Map Data: Jan_2023","Land Use & Natural Resources","n_144","Urban Development","Demand For Land For Urbanisation","The total demand for land for urbanisation","","","","","",2
"101","System Map Data: Jan_2023","Land Use & Natural Resources","n_88","Livestock ","CO2e Emissions From Livestock Production","The total carbon dioxide equivalent GHG emissions from livestock production","34.4","Million tonnes CO2 equivalent ","Climate Change Committee","https://www.theccc.org.uk/wp-content/uploads/2020/12/Sector-summary-Agriculture-land-use-land-use-change-forestry.pdf","",2
"102","System Map Data: Jan_2023","Land Use & Natural Resources","n_89","Livestock ","Consumer Demand For Meat/Dairy","The UK demand from consumers for meat and dairy products","","","","","",2
"103","System Map Data: Jan_2023","Land Use & Natural Resources","n_90","Livestock ","Consumer Desire To Reduce Emissions","Consumer desire to reduce emissions of food they consume","81","% of consumers that are very or somewhat concerned about climate change","Ofgem","https://www.ofgem.gov.uk/sites/default/files/docs/2020/10/consumer_opinion_about_climate_change_and_decarbonisation.pdf","",2
"104","System Map Data: Jan_2023","Land Use & Natural Resources","n_91","Livestock ","Consumer Meat And Dairy Costs","The cost of meat and dairy products to the consumer","(multiple)","index","Department for Environment, Food & Rural Affairs","Food Statistics in your pocket: Global and UK supply - GOV.UK (www.gov.uk)","",2
"105","System Map Data: Jan_2023","Land Use & Natural Resources","n_92","Livestock ","Demand For Livestock Feed","The total UK demand for artificial livestock feed","","","","","",2
"106","System Map Data: Jan_2023","Land Use & Natural Resources","n_93","Livestock ","Efficiency Of Feedstock","The efficiency of livestock feed i.e. in reducing the overall amount required for growth","","","","","",2
"107","System Map Data: Jan_2023","Land Use & Natural Resources","n_94","Livestock ","Exported Livestock Emissions","The amount of carbon dioxide equivalent GHG emissions exported abroad by consuming imported meat and dairy","","","","","",2
"108","System Map Data: Jan_2023","Land Use & Natural Resources","n_95","Livestock ","Geographical Polarisation Of Farming Type","The extent to which farming types are polarised with arable and livestock farming in different regions","","","","","",2
"109","System Map Data: Jan_2023","Land Use & Natural Resources","n_96","Livestock ","Intensity Of Livestock Farming","The intensity by which livestock farming occurs i.e. amount of output from a unit of land","","","","","",2
"110","System Map Data: Jan_2023","Land Use & Natural Resources","n_97","Livestock ","Grassland Used For Grazing","The amount of land used in the UK for grassland to graze livestock","","","","","",2
"111","System Map Data: Jan_2023","Land Use & Natural Resources","n_98","Livestock ","Livestock In Mixed System","The extent to which livestock is produced in a mixed system including other types of farming","","","","","",2
"112","System Map Data: Jan_2023","Land Use & Natural Resources","n_99","Livestock ","Livestock Productivity","The productivity of livestock i.e. the amount of produce from a given number of animals","104.8","Index","Department for Environment, Food & Rural Affairs","Agriculture in the United Kingdom data sets - GOV.UK (www.gov.uk)","",2
"113","System Map Data: Jan_2023","Land Use & Natural Resources","n_100","Livestock ","Livestock Quality Over Quantity","The extent to which quality of livestock products are prefered over quantity produced","","","","","",2
"114","System Map Data: Jan_2023","Land Use & Natural Resources","n_101","Livestock ","Livestock Shelter From Heat","The amount of shelter from heat provided for livestock","","","","","",2
"115","System Map Data: Jan_2023","Land Use & Natural Resources","n_102","Livestock ","Livestock Health","The health of livestock","","","","","",2
"116","System Map Data: Jan_2023","Land Use & Natural Resources","n_105","Livestock ","Meat/Dairy Imported Transport Emissions","The emissions resulting in the transport of biomass","","","","","",2
"117","System Map Data: Jan_2023","Land Use & Natural Resources","n_103","Livestock ","Meat/Dairy Exported","The amount of meat and dairy exported by UK producers","(different values for different meat type)","Thousand Tonnes","Department for Environment, Food & Rural Affairs","Agriculture in the United Kingdom data sets - GOV.UK (www.gov.uk)","",2
"118","System Map Data: Jan_2023","Land Use & Natural Resources","n_104","Livestock ","Meat/Dairy Imported","The amount of meat and dairy imported for UK consumers","6.6 - meat
3.3 - dairy & eggs","Billion Pounds","Department for Environment, Food & Rural Affairs","Food Statistics in your pocket: Global and UK supply - GOV.UK (www.gov.uk)","",2
"119","System Map Data: Jan_2023","Land Use & Natural Resources","n_106","Livestock ","UK Livestock Numbers","The total number of livestock animals in the UK","35939000","head of livestock (cattle, sheep, pigs)","Department for Environment, Food & Rural Affairs","Livestock numbers in England and the UK - GOV.UK (www.gov.uk)","",2
"120","System Map Data: Jan_2023","Land Use & Natural Resources","n_107","Livestock ","UK Meat/Dairy Production","The total amount of meat and dairy produced in the UK","4163","Thousand Tonnes Dressed Carcase Weight","Department for Environment, Food & Rural Affairs","UK home fed meat production, trade and supplies – (data for quarter 3 2021)","",2
"121","System Map Data: Jan_2023","Land Use & Natural Resources","n_108","Livestock ","Winter Housing Of Livestock","The extent to which animals are housed inside during the winter","","","","","",2
"122","System Map Data: Jan_2023","Land Use & Natural Resources","n_109","Livestock ","Demand for Grazing Forage","The total UK demand for grazing forage to feed livestock","","","","","",2
"123","System Map Data: Jan_2023","Land Use & Natural Resources","n_110","Livestock ","Grassland Productivity","The productivity of grassland used for grazing","","","","","",2
"124","System Map Data: Jan_2023","Land Use & Natural Resources","n_111","Peatland","Afforestation On Peat","The amount of planting of forests on peatland","28766","Total Hectares of area of afforestation on peat between 1990 and 2013","Office for National Statistics","UK natural capital - Office for National Statistics (ons.gov.uk)","",2
"125","System Map Data: Jan_2023","Land Use & Natural Resources","n_112","Peatland","Crops On Lowland Peat","The amount of planting of crops on peatland","","","Office for National Statistics","UK natural capital - Office for National Statistics (ons.gov.uk)","",2
"126","System Map Data: Jan_2023","Land Use & Natural Resources","n_113","Peatland","Development On Peatland","The amount of urban development on peatland","","","Scottish Government, Scottish Natural Heritage,  SEPA","https://www.gov.scot/binaries/content/documents/govscot/publications/advice-and-guidance/2018/12/peatland-survey-guidance/documents/peatland-survey-guidance-2017/peatland-survey-guidance-2017/govscot%3Adocument/Guidance%2Bon%2Bdevelopments%2Bon%2Bpeatland%2B-%2Bpeatland%2Bsurvey%2B-%2B2017.pdf","",2
"127","System Map Data: Jan_2023","Land Use & Natural Resources","n_114","Peatland","Drainage Of Upland Peat","The amount of drainage to lower the water table on upland peat","","","Office for National Statistics","https://www.ons.gov.uk/economy/environmentalaccounts/bulletins/uknaturalcapitalforpeatlands/naturalcapitalaccounts","",2
"128","System Map Data: Jan_2023","Land Use & Natural Resources","n_133","Trees","Resilience To Pest And Diseases","The resilence to tree pests and diseases of the UK forests","","","","","",2
"129","System Map Data: Jan_2023","Land Use & Natural Resources","n_134","Trees","Stringency Of Forestry Regulation","The stringency of the regulations on tree planting and forestry","","","","","",2
"130","System Map Data: Jan_2023","Land Use & Natural Resources","n_137","Trees","UK Timber Demand","The total market demand for UK timber","","","","","",2
"131","System Map Data: Jan_2023","Land Use & Natural Resources","n_115","Peatland","Grassland For Grazing On Lowland Peat","The amount of grassland to graze animals on lowland peat","","","Office for National Statistics","UK natural capital - Office for National Statistics (ons.gov.uk)","",2
"132","System Map Data: Jan_2023","Land Use & Natural Resources","n_116","Peatland","Healthy Lowland Peatland","The amount of healthy lowland peat","0.31","% of un-favourable recovering core peatland habitat features designated SACS  ","Department for Environment, Food & Rural Affairs","UK natural capital - Office for National Statistics (ons.gov.uk)","",2
"133","System Map Data: Jan_2023","Land Use & Natural Resources","n_117","Peatland","Healthy Upland Peatland","The amount of healthy upland peat","14","% of Upland Peatlands in Good Ecological Condition","Royal Society for the Protection of Birds","English upland peatlands report Jun14 Final_1.pdf (iucn-uk-peatlandprogramme.org)","",2
"134","System Map Data: Jan_2023","Land Use & Natural Resources","n_118","Peatland","Managed Moorland Burning","The extent of deliberate managed burning on moorland","","","IUCN","Burning and Peatbogs, June 2011.pdf (iucn-uk-peatlandprogramme.org)","",2
"135","System Map Data: Jan_2023","Land Use & Natural Resources","n_119","Peatland","Net Peatland Emissions","The net emissions for emitted/abated carbon by peatland","12.6","Million tonnes CO2 equivalent ","Department for Business, Energy & Industrial Strategy","2019 UK Greenhouse Gas Emissions, Final Figures (publishing.service.gov.uk)","",2
"136","System Map Data: Jan_2023","Land Use & Natural Resources","n_120","Peatland","Optimum Lowland Water Table Height","The extent to which lowland peat is kept at the optimum water table height","","","","","",2
"137","System Map Data: Jan_2023","Land Use & Natural Resources","n_121","Peatland","Optimum Upland Water Table Height","The extent to which upland peat is kept at the optimum water table height","","","","","",2
"138","System Map Data: Jan_2023","Land Use & Natural Resources","n_122","Peatland","Peatland Restoration","The amount of conservation work done to restore peatland","35000","Hectares","Department for Environment, Food & Rural Affairs","https://www.gov.uk/government/news/thousands-of-hectares-of-vital-peatland-to-be-restored-to-help-tackle-climate-change-and-protect-biodiversity","",2
"139","System Map Data: Jan_2023","Land Use & Natural Resources","n_123","Peatland","Un-Vegetated Lowland Peat","The amount of lowland peat left unvegetated and exposed to the elements","","","","","",2
"140","System Map Data: Jan_2023","Land Use & Natural Resources","n_124","Peatland","Wildfires On Peat","The number of wildfires occuring on peatland","","","","","",2
"141","System Map Data: Jan_2023","Land Use & Natural Resources","n_125","Trees","Capacity/Education Of Workforce (E.G. Foresters)","The capacity of the UK workforce to support the development of forests","","","","","",2
"142","System Map Data: Jan_2023","Land Use & Natural Resources","n_126","Trees","Carbon Sequestration From Trees","The total amount of carbon sequestered by trees in the UK","8.3","Million tonnes CO2 equivalent ","Department for Business, Energy & Industrial Strategy","https://assets.publishing.service.gov.uk/government/uploads/system/uploads/attachment_data/file/1025296/9_Greenhouse_gas_removal_by_forests.pdf","",2
"143","System Map Data: Jan_2023","Land Use & Natural Resources","n_127","Trees","Commercial Forestry","The amount of commercially grown forest in the UK","","","","","",2
"144","System Map Data: Jan_2023","Land Use & Natural Resources","n_128","Trees","Incentives For Afforestation","The incentives that encourage landowners to plant new areas of forest","","","","","",2
"145","System Map Data: Jan_2023","Land Use & Natural Resources","n_130","Trees","Natural Regeneration Of Trees","The rate at which trees naturally regenerate","","","","","",2
"146","System Map Data: Jan_2023","Land Use & Natural Resources","n_129","Trees","Market For Wood Products","The market for products made from wood e.g. timber for housing","9.6","Million tonnes of wood products produced in the UK","Forest Research","2: UK-Grown Timber - Forest Research","",2
"147","System Map Data: Jan_2023","Land Use & Natural Resources","n_131","Trees","Number Of Trees (And Land Under Trees)","The total number of trees in the UK and area of land covered by trees","3.2","Million Hectares of the UK covered by woodland","House of Commons Library","Tree Planting in the UK (parliament.uk)","",2
"148","System Map Data: Jan_2023","Land Use & Natural Resources","n_132","Trees","Rate Of Tree Planting","The rate at which trees can be planted","13.29","Thousand Hectares of land with newly planted forest","Department for Environment, Food & Rural Affairs","Ch1_Woodland_FS2020_cgadFu3.pdf (forestresearch.gov.uk)","",2
"149","System Map Data: Jan_2023","Land Use & Natural Resources","n_135","Trees","Tree Deaths","The rate of tree deaths","4.15","Thousand Hectares (kha) of  natural forest lost","Global Forest Watch","Global Forest Watch","",2
"150","System Map Data: Jan_2023","Land Use & Natural Resources","n_136","Trees","Tree Nursery Capacity","The capacity of UK tree nurserys","750000","Approximate number of trees that can be planted at one time over 600 acres of Land","Hillier Trees","Why Hillier Trees","",2
"151","System Map Data: Jan_2023","Land Use & Natural Resources","n_141","Urban Development","Carbon Emissions Of Urban Area","The total carbon emissions from urban areas","191.13","Million tonnes CO2 equivalent ","Centre for Cities","https://www.centreforcities.org/blog/cities-led-way-reducing-uk-carbon-emissions-tackle-transport-pollution/","",2
"152","System Map Data: Jan_2023","Land Use & Natural Resources","n_143","Urban Development","Demand For Housing","The UK demand for housing","N/A","Index","UK Parliament - House of Commons Library","https://commonslibrary.parliament.uk/research-briefings/sn02820/","",2
"153","System Map Data: Jan_2023","Land Use & Natural Resources","n_145","Urban Development","Efficiency Of Developments","The carbon efficiency of urban developments","","","","","",2
"154","System Map Data: Jan_2023","Land Use & Natural Resources","n_146","Urban Development","Land For Industrial Infrastructure","The amount of land used for industrial infrastructure in the UK","","","","","",2
"155","System Map Data: Jan_2023","Land Use & Natural Resources","n_147","Urban Development","Land Prices","The cost of land in the UK","N/A","Pounds per thousand hectare (£/ha)","Department for Environment, Food & Rural Affairs","https://assets.publishing.service.gov.uk/government/uploads/system/uploads/attachment_data/file/923759/VOA_land_values_2019.xlsx","",2
"156","System Map Data: Jan_2023","Land Use & Natural Resources","n_148","Urban Development","New Houses Built","The number of new houses built in the UK","148630","New build dwellings Complete","Department for Environment, Food & Rural Affairs","Housing supply: indicators of new supply, England: October to December 2020 (publishing.service.gov.uk)","",2
"157","System Map Data: Jan_2023","Land Use & Natural Resources","n_149","Urban Development","Population","The total UK population","67.1","Million","Office for National Statistics","Overview of the UK population - Office for National Statistics (ons.gov.uk)","",2
"158","System Map Data: Jan_2023","Land Use & Natural Resources","n_150","Urban Development","Urban Expansion","The expansion of existing and new urban areas","","","","","",2
"159","System Map Data: Jan_2023","Transport","n_296","Cars","Car Ownership","","","","","","",2
"160","System Map Data: Jan_2023","Transport","n_297","Cars","Desire & Need To Own a Car","","","","","","",2
"161","System Map Data: Jan_2023","Transport","n_298","Cars","Car Journeys Taken","","","","","","",2
"162","System Map Data: Jan_2023","Land Use & Natural Resources","n_151","Water","Agricultural Runoff And Erosion","The total amount of agricultral run off and erosion to soil casued by rain and flooding","0.05","% of Rivers, Canals and Lakes that are in a 'bad' condition","JNCC","UKBI - B7. Surface water status | JNCC - Adviser to Government on Nature Conservation","",2
"163","System Map Data: Jan_2023","Land Use & Natural Resources","n_152","Water","Frequency Of Droughts","The frequency and duration of droughts in the UK","","","Royal Meteorological Society","The 2018/2019 drought in the UK: a hydrological appraisal - Turner - 2021 - Weather - Wiley Online Library","",2
"164","System Map Data: Jan_2023","Land Use & Natural Resources","n_153","Water","Frequency Of Extreme Heat Events","The frequency and duration of extreme heat events in the UK","13.2 Days","Warm Spell Duration Index","Met Office","soc_supplement-002.pdf (metoffice.gov.uk)","",2
"165","System Map Data: Jan_2023","Land Use & Natural Resources","n_154","Water","Frequency Of Floods","The frequency of floods in the UK","29","Number of flow gauging stations (and a water level monitoring site) that recorded high extremes between June 2019 and February 2020","Royal Meteorological Society","The 2019/2020 floods in the UK: a hydrological appraisal - Sefton - 2021 - Weather - Wiley Online Library","",2
"166","System Map Data: Jan_2023","Land Use & Natural Resources","n_155","Water","Frequency Of Wildfires","The frequency and extent of wildfires in the UK","32000","Average number of wildfire incidents per year the Fire and Rescue Services attended between 2009-2010 to 2016-2017","Forestry Commission England","FC_Wildfire_Statistics_for_England_2009_10_to_2016_17.pdf (publishing.service.gov.uk)","",2
"167","System Map Data: Jan_2023","Land Use & Natural Resources","n_156","Water","Hydrological Connectivity At Landscape Level","The extent to which the landscape is connected hydrologically and water can travel through the environment","","","","","",2
"168","System Map Data: Jan_2023","Land Use & Natural Resources","n_157","Water","Landscapes Water Storage Capacity","The capacity of the landscape to store water","30-270","Millimetres ","ADAS & Llywodraeth Cymru Welsh Government","Water Storage Capacity of Soils – Scoping Study (gov.wales)","",2
"169","System Map Data: Jan_2023","Land Use & Natural Resources","n_158","Water","Requirement For On-Farm Irrigation","The requirement for farms to provide artificial irrigation to crops","","","Gov.UK","fbs-fas24-201920_11jun20.pdf (publishing.service.gov.uk)","",2
"170","System Map Data: Jan_2023","Land Use & Natural Resources","n_159","Water","Risk Of Flooding (Interim)","Short term risk of flooding from peatland restoration","","","UK Government","Check the long term flood risk for an area in England - GOV.UK (www.gov.uk)","",2
"171","System Map Data: Jan_2023","Land Use & Natural Resources","n_160","Water","Clean Water Availability","The availability of clean water in the UK","","","","","",2
"172","System Map Data: Jan_2023","Land Use & Natural Resources","n_161","Water","Water Quality","The quality of water in the environment","(multiple - see source)","","Department for Environment, Food & Rural Affairs","Open WIMS data","",2
"173","System Map Data: Jan_2023","Net Zero Buildings","n_163","Net Emissions","Air Quality","Levels of pollution in the air","","various","UK AIR/Defra","https://uk-air.defra.gov.uk/data/","",2
"174","System Map Data: Jan_2023","Net Zero Buildings","n_165","Energy Efficiency","Energy Bills","The cost of energy bills","","","","","",2
"175","System Map Data: Jan_2023","Net Zero Buildings","n_167","Electric Heating","Demand For Heat Pump Skills","UK demand for professionals with heat pump skills and expertise","","","","","",2
"176","System Map Data: Jan_2023","Net Zero Buildings","n_170","Electric Heating","Electric Heater Overall Costs","The total cost of having an electric heater","","","","","",2
"177","System Map Data: Jan_2023","Land Use & Natural Resources","n_162","Urban Development","Total Land Available For Land Use Change","The total land available for change in use in the UK","","","","","",2
"178","System Map Data: Jan_2023","Net Zero Buildings","n_164","Energy Efficiency","Fuel Poverty Risk","Risk of households experiencing fuel poverty","3.16","million households","BEIS","https://www.gov.uk/government/collections/fuel-poverty-statistics","",2
"179","System Map Data: Jan_2023","Net Zero Buildings","n_166","Net Emissions","Net Emissions","Total UK net carbon dioxide equivalent emissions","326","MtCO2/yr","BEIS","https://assets.publishing.service.gov.uk/government/uploads/system/uploads/attachment_data/file/972583/2020_Provisional_emissions_statistics_report.pdf","",2
"180","System Map Data: Jan_2023","Net Zero Buildings","n_168","Electric Heating","Disruption Of Heat Pump Installation","The amount of disruption casued by having a heat pump installed","600","£/property","Element Energy","https://webarchive.nationalarchives.gov.uk/ukgwa/20090609003228/http://www.berr.gov.uk/files/file46003.pdf","",2
"181","System Map Data: Jan_2023","Net Zero Buildings","n_169","Electric Heating","Electric Heater Capital Costs","The cost of buying and installing an electric heater","1585 - 5115","£/property","Delta-ee","https://assets.publishing.service.gov.uk/government/uploads/system/uploads/attachment_data/file/913508/cost-of-installing-heating-measures-in-domestic-properties.pdf","",2
"182","System Map Data: Jan_2023","Net Zero Buildings","n_171","Electric Heating","Electric Heater Running Costs","The cost of running and maintaining an electric heater","0","£/yr","BEIS/Element Energy","https://assets.publishing.service.gov.uk/government/uploads/system/uploads/attachment_data/file/831079/Electric_heating_options_in_off-gas_grid_homes.pdf","",2
"183","System Map Data: Jan_2023","Net Zero Buildings","n_172","Electric Heating","F-Gas Demand","The total UK demand for F gasses","","","","","",2
"184","System Map Data: Jan_2023","Net Zero Buildings","n_173","Electric Heating","Heat Pump Capital Costs","The cost of buying and installing a heat pump","10000","£/property","Delta-ee","https://www.delta-ee.com/downloads/1-research-downloads/39-heat-research/2925-whitepaper-what-is-the-potential-for-cutting-the-cost-of-an-installed-heat-pump.html","",2
"185","System Map Data: Jan_2023","Net Zero Buildings","n_174","Electric Heating","Heat Pump Installation","The number of heat pumps installed in the UK","30000","units/year","Delta-ee","https://www.delta-ee.com/downloads/1-research-downloads/39-heat-research/2925-whitepaper-what-is-the-potential-for-cutting-the-cost-of-an-installed-heat-pump.html","Behaviour Change",2
"186","System Map Data: Jan_2023","Net Zero Buildings","n_175","Electric Heating","Heat Pump Installed Efficiency","The actual efficiency of a heat pump once installed","2.76","Seasonal Performance Factor (SPF)","RECC","https://www.recc.org.uk/pdf/performance-data-research-focused.pdf","",2
"187","System Map Data: Jan_2023","Net Zero Buildings","n_176","Electric Heating","Heat Pump Jobs","The number of UK jobs connected to the heat pump market","33700","Number of installers (doesn't include jobs in manufacturing or maintenance)","Heat Pump Association","https://www.heatpumps.org.uk/wp-content/uploads/2020/06/Building-the-Installer-Base-for-Net-Zero-Heating_02.06.pdf","Green Jobs",2
"188","System Map Data: Jan_2023","Net Zero Buildings","n_462","Energy Efficiency","Efficiency Regulations","The stictness of regulations on building efficiency","","","","","",2
"189","System Map Data: Jan_2023","Net Zero Buildings","n_463","Energy Efficiency","Cost Of Raw Materials","The cost of raw materials for efficiency improvements","","","","","",2
"190","System Map Data: Jan_2023","Net Zero Buildings","n_464","Energy Efficiency","Availability Of Insulation Installers","The number of available insulation installers","","","","","",2
"191","System Map Data: Jan_2023","Net Zero Buildings","n_177","Electric Heating","Heat Pump Manufacture","The number of heat pumps manufactured for the UK market","11000","#/yr","BEIS","https://assets.publishing.service.gov.uk/government/uploads/system/uploads/attachment_data/file/943712/heat-pump-manufacturing-supply-chain-research-project-report.pdf","",2
"192","System Map Data: Jan_2023","Net Zero Buildings","n_178","Electric Heating","Heat Pump Overall Costs","The total cost of having a heat pump","","","","","",2
"193","System Map Data: Jan_2023","Net Zero Buildings","n_179","Electric Heating","Heat Pump Running Costs","The cost of running and maintaining a heat pump","75","£/yr (maintenance costs, exc. fuel)","CCC/AECOM","https://www.theccc.org.uk/wp-content/uploads/2019/07/The-costs-and-benefits-of-tighter-standards-for-new-buildings-Currie-Brown-and-AECOM.pdf","",2
"194","System Map Data: Jan_2023","Net Zero Buildings","n_180","Electric Heating","Manufacturer Investment In Heat Pumps","The amount of money invested in heat pump technology by manufacturers","","","BEIS","https://assets.publishing.service.gov.uk/government/uploads/system/uploads/attachment_data/file/943712/heat-pump-manufacturing-supply-chain-research-project-report.pdf","",2
"195","System Map Data: Jan_2023","Net Zero Buildings","n_181","Electric Heating","Buildings With Heat Pumps","The number of UK buildings with heat pumps","240","thousand","Delta-ee","https://www.delta-ee.com/downloads/1-research-downloads/39-heat-research/2925-whitepaper-what-is-the-potential-for-cutting-the-cost-of-an-installed-heat-pump.html","",2
"196","System Map Data: Jan_2023","Net Zero Buildings","n_182","Electric Heating","Buildings With Electric Heating","The number of UK buildings with electric heaters","1.121","million storage heaters","","https://www.gov.uk/government/statistics/english-housing-survey-2020-to-2021-headline-report","",2
"197","System Map Data: Jan_2023","Net Zero Buildings","n_183","Electric Heating","Positive Public Awareness Of Heat Pumps","The extent of positive pulic awareness of heat pumps","","","Energy Systems Catapult","https://www.climatexchange.org.uk/media/4754/cxc-attitudes-and-awareness-low-carbon-heating-july-2020.pdf","",2
"198","System Map Data: Jan_2023","Net Zero Buildings","n_184","Electric Heating","Buildings Suitable For Heat Pumps","The number of UK buildings that are suitable for being heated by heat pumps","","","BEIS","https://data.gov.uk/dataset/957eadbe-43b6-4d8d-b931-8594cb346ecd/national-household-model","",2
"199","System Map Data: Jan_2023","Net Zero Buildings","n_185","Electric Heating","Quality Of Heat Pump Installation","The quality of work done by heat pump installers","","","","","",2
"200","System Map Data: Jan_2023","Net Zero Buildings","n_186","Electricity Grid","Electricity Generated From Biomethane","The amount of electircity in the grid that is generated from biomethane","7467","GWh","BEIS","https://www.gov.uk/government/statistics/renewable-sources-of-energy-chapter-6-digest-of-united-kingdom-energy-statistics-dukes","",2
"201","System Map Data: Jan_2023","Net Zero Buildings","n_187","Electricity Grid","Carbon Intensity Of Electricity Grid","The amount of carbon created for each unit on energy generated in the electricity grid","0.21233","kgCO2e/kWh","BEIS","https://www.gov.uk/government/publications/greenhouse-gas-reporting-conversion-factors-2021","",2
"202","System Map Data: Jan_2023","Net Zero Buildings","n_198","Electricity Grid","Need For Grid Reinforcement","The need to reinforce the electiricty grid due to higher demand","","","","","",2
"203","System Map Data: Jan_2023","Net Zero Buildings","n_458","Energy Efficiency","Cost Of Alternate Fuels","Cost of alternative fuels including coal and oil.","","","","","",2
"204","System Map Data: Jan_2023","Net Zero Buildings","n_459","Energy Efficiency","Consumer Ability To Pay For Upgrades","The ability of consumers to pay for housing upgrades","","","","","",2
"205","System Map Data: Jan_2023","Net Zero Buildings","n_188","Electricity Grid","Demand Side Response","The extent to which energy use can be reduced at peak periods and shifted to other times through consumer behaviour","1","GW","National Grid","https://www.nationalgrideso.com/document/173821/download","Behaviour Change",2
"206","System Map Data: Jan_2023","Net Zero Buildings","n_189","Electricity Grid","Dynamic Energy Pricing","The extent to which energy prices to consumers vary throughout the day, encouraging usage away from peak times","","","","","",2
"207","System Map Data: Jan_2023","Net Zero Buildings","n_190","Electricity Grid","Electricity Demand From Other Sources","Electricity demand from other sources, not related to heating","21068","ktoe/yr","BEIS","https://www.gov.uk/government/statistics/energy-consumption-in-the-uk-2021","",2
"208","System Map Data: Jan_2023","Net Zero Buildings","n_191","Electricity Grid","Electricity Grid Demand","The total electricity demand from the grid","24099","Thousand toe/yr","BEIS","https://assets.publishing.service.gov.uk/government/uploads/system/uploads/attachment_data/file/728488/DUKES_1.1.5.xls","",2
"209","System Map Data: Jan_2023","Net Zero Buildings","n_192","Electricity Grid","Electricity Price","The price to consumers of electricity","19.2","p/kWh","BEIS","https://www.gov.uk/government/publications/valuation-of-energy-use-and-greenhouse-gas-emissions-for-appraisal","",2
"210","System Map Data: Jan_2023","Net Zero Buildings","n_193","Electricity Grid","Emissions From Electricity Generation","The total carbon dioxide equivalent emissions from generation of electricity","50","MtCO2","BEIS","https://assets.publishing.service.gov.uk/government/uploads/system/uploads/attachment_data/file/972583/2020_Provisional_emissions_statistics_report.pdf","",2
"211","System Map Data: Jan_2023","Net Zero Buildings","n_194","Electricity Grid","Grid-Level Electricity Storage","The amount of electiricty storage at the level of the electricity grid","4","GW","BEIS","https://www.gov.uk/government/publications/energy-and-emissions-projections-net-zero-strategy-baseline-partial-interim-update-december-2021","",2
"212","System Map Data: Jan_2023","Net Zero Buildings","n_195","Electricity Grid","Individual Electricity Storage","The amount of electricity storage available for personal or private usage","1646.4","kWh capacity","Renewable Energy Association","https://www.r-e-a.net/wp-content/uploads/2019/10/Energy-Storage-FINAL6.pdf","",2
"213","System Map Data: Jan_2023","Net Zero Buildings","n_196","Electricity Grid","Micro-Generation Of Electricity","Generation of electricity at the individual level i.e. solar panels on a house","6805","MW installed capacity","BEIS","https://assets.publishing.service.gov.uk/government/uploads/system/uploads/attachment_data/file/1032260/UK_Energy_in_Brief_2021.pdf","Behaviour Change",2
"214","System Map Data: Jan_2023","Net Zero Buildings","n_197","Electricity Grid","Necessity For Generation From Gas","The need to generate electricity from gas due to peaks in demand","111.4","TWh","BEIS","https://assets.publishing.service.gov.uk/government/uploads/system/uploads/attachment_data/file/1032260/UK_Energy_in_Brief_2021.pdf","",2
"215","System Map Data: Jan_2023","Transport","n_285","Mode Choice & Demand","Public Transport Network Coverage","","","","","","",2
"216","System Map Data: Jan_2023","Transport","n_286","Mode Choice & Demand","Congestion On Public Transport","","","","","","",2
"217","System Map Data: Jan_2023","Transport","n_287","Mode Choice & Demand","Ease Of Journey On Public Transport","","","","","","",2
"218","System Map Data: Jan_2023","Transport","n_288","Mode Choice & Demand","Public Transport Service Frequency","","","","","","",2
"219","System Map Data: Jan_2023","Transport","n_289","Mode Choice & Demand","Investment In Public Transport","","","","","","",2
"220","System Map Data: Jan_2023","Net Zero Buildings","n_199","Electricity Grid","Other Renewable Electricity Generation","Renewable electricity generation outside of biomethane","127136","GWh","BEIS","https://www.gov.uk/government/statistics/energy-trends-section-6-renewables","",2
"221","System Map Data: Jan_2023","Net Zero Buildings","n_200","Electricity Grid","Peak Electricity Demand","The total electricity demand at peak times","50","GW","BEIS/National Statistics","https://assets.publishing.service.gov.uk/government/uploads/system/uploads/attachment_data/file/1032260/UK_Energy_in_Brief_2021.pdf","",2
"222","System Map Data: Jan_2023","Net Zero Buildings","n_201","Energy Efficiency","Accurate Building Efficiency Data","Availability of accurate data on the efficency of buildings and heating technologies","","","BEIS","https://www.gov.uk/government/publications/smart-meter-enabled-thermal-efficiency-ratings-smeter-technologies-project-technical-evaluation","",2
"223","System Map Data: Jan_2023","Net Zero Buildings","n_202","Energy Efficiency","Average Building Energy Demand","The average energy demand of buildings for heating","0.874","koe/dwelling/yr","Odysee-Mure","https://www.odyssee-mure.eu/publications/efficiency-by-sector/households/heating-consumption-per-m2.html","",2
"224","System Map Data: Jan_2023","Net Zero Buildings","n_203","Energy Efficiency","Average Building Heating Requirements","The average amount of heating required by each building","1.38","koe/dwelling/yr","Odysee-Mure","https://www.odyssee-mure.eu/publications/efficiency-by-sector/households/heating-consumption-per-m2.html","",2
"225","System Map Data: Jan_2023","Net Zero Buildings","n_204","Energy Efficiency","Average Building Occupancy","The average occupany of buildings","7 (weekday) to 8 (weekend)","Heated hours per day in heating season","BEIS","https://assets.publishing.service.gov.uk/government/uploads/system/uploads/attachment_data/file/1018727/efus-heating-patterns-occupancy.pdf","",2
"226","System Map Data: Jan_2023","Net Zero Buildings","n_205","Energy Efficiency","Average Building Temperature","The averag temperature to which buildings are heated to","18.1 to 21.5","ºC","BRE","https://assets.publishing.service.gov.uk/government/uploads/system/uploads/attachment_data/file/274770/2_Mean_Household_Temperatures.pdf","",2
"227","System Map Data: Jan_2023","Net Zero Buildings","n_206","Energy Efficiency","Cost Of Insulation","The cost of installing insulation","","","BEIS","https://www.gov.uk/government/collections/buildings-energy-efficiency-technical-research#the-cost-of-measures-to-improve-energy-efficiency","",2
"228","System Map Data: Jan_2023","Net Zero Buildings","n_207","Energy Efficiency","Disruption Of Insulation Installation","The disruption casued by installing insulation","","","BEIS","https://assets.publishing.service.gov.uk/government/uploads/system/uploads/attachment_data/file/975987/tiwi-annex-a.pdf","",2
"229","System Map Data: Jan_2023","Net Zero Buildings","n_208","Energy Efficiency","Efficiency Of New Buildings","The energy efficiency of new builds","2","W/m2K","DECC","https://assets.publishing.service.gov.uk/government/uploads/system/uploads/attachment_data/file/345141/uk_housing_fact_file_2013.pdf","",2
"230","System Map Data: Jan_2023","Transport","n_290","Mode Choice & Demand","Deliveries To Households","","","","","","",2
"231","System Map Data: Jan_2023","Transport","n_291","Mode Choice & Demand","Demand For Freight","","","","","","",2
"232","System Map Data: Jan_2023","Transport","n_292","Cars","Convenience Of Journey By Car","","","","","","",2
"233","System Map Data: Jan_2023","Transport","n_293","Cars","Availability Of Parking","","","","","","",2
"234","System Map Data: Jan_2023","Transport","n_294","Cars","Congestion On Roads","","","","","","",2
"235","System Map Data: Jan_2023","Transport","n_295","Cars","Investment In Road Capacity","","","","","","",2
"236","System Map Data: Jan_2023","Net Zero Buildings","n_209","Energy Efficiency","Energy Efficiency Of Occupier Behaviour","The efficiency of the behaviour of building occupiers","","","Energies","https://www.mdpi.com/1996-1073/14/19/6109/htm","Behaviour Change",2
"237","System Map Data: Jan_2023","Net Zero Buildings","n_210","Energy Efficiency","Heat Efficiency Of Building Stock","The heat average heat efficieny of the UK building stock","3.21","W/m2K","DECC","https://assets.publishing.service.gov.uk/government/uploads/system/uploads/attachment_data/file/345141/uk_housing_fact_file_2013.pdf","",2
"238","System Map Data: Jan_2023","Net Zero Buildings","n_211","Energy Efficiency","Buildings With Smart Meters","The number of buildings with smart meters","23.8","million","BEIS","https://assets.publishing.service.gov.uk/government/uploads/system/uploads/attachment_data/file/1035290/Q3_2021_Smart_Meters_Statistics_Report.pdf","Behaviour Change",2
"239","System Map Data: Jan_2023","Net Zero Buildings","n_212","Energy Efficiency","New Build Efficiency Regulations","The stringency of regulations ensuring new build heat efficiency","","","
Department for Levelling Up, Housing and Communities and Ministry of Housing, Communities & Local Government","https://www.gov.uk/government/consultations/the-future-buildings-standard","",2
"240","System Map Data: Jan_2023","Net Zero Buildings","n_213","Energy Efficiency","Occupier Control Of Energy Use","The extent to which building occupiers have control over their energy use","","","","","",2
"241","System Map Data: Jan_2023","Net Zero Buildings","n_214","Energy Efficiency","Occupier Incentive To Reduce Energy Usage","The incentives for building occupiers to reduce their energy usage.","","","","","",2
"242","System Map Data: Jan_2023","Net Zero Buildings","n_215","Energy Efficiency","Owner Occupier Motivation To Improve Efficiency","The incentive for building owners to reduce their energy usage","","","","","",2
"243","System Map Data: Jan_2023","Net Zero Buildings","n_216","Energy Efficiency","Retrofit Of Insulation","The number of buildings retrofitted with insulation","","Annual rates per technology","","","Behaviour Change",2
"244","System Map Data: Jan_2023","Net Zero Buildings","n_460","Energy Efficiency","Consumer Pro-Enviornmental Attitudes","The desire of consumers to make more environentally beneficial choices ","","","","","",2
"245","System Map Data: Jan_2023","Net Zero Buildings","n_461","Energy Efficiency","Maintenace Of Current Building Stock","The level of maintenance carried out on the current building stock","","","","","",2
"246","System Map Data: Jan_2023","Net Zero Buildings","n_465","Energy Efficiency","Landlord Motivation to Improve Efficiency","The motivation for building owner occupiers to improve the buildings efficiency","","","","","",2
"247","System Map Data: Jan_2023","Net Zero Buildings","n_466","Energy Efficiency","Knowledge Of Suitable Energy Efficiency Measures","The public knowledge of measures that could improve building efficiency","","","","","",2
"248","System Map Data: Jan_2023","Net Zero Buildings","n_467","Energy Efficiency","Legal Protection For Tenants","The legal protection for tenants wanting to upgrade their homes efficiency","","","","","",2
"249","System Map Data: Jan_2023","Transport","n_307","Cars","Upfront Cost Of ICEVS","","","","","","",2
"250","System Map Data: Jan_2023","Transport","n_308","Cars","Second Hand Market For ICEVs","","","","","","",2
"251","System Map Data: Jan_2023","Transport","n_309","Cars","Relative Cost Of Evs","","","","","","",2
"252","System Map Data: Jan_2023","Transport","n_310","Cars","Demand For Evs","","","","","","",2
"253","System Map Data: Jan_2023","Transport","n_311","Cars","Proportion Of Cars That Are Evs","","","","","","",2
"254","System Map Data: Jan_2023","Transport","n_312","Cars","Carbon Intensity Of Car Journeys","","","","","","",2
"255","System Map Data: Jan_2023","Net Zero Buildings","n_468","Electric Heating","Heat Pump Technological Certainty","The certainty on effectiveness and popularity of heat pump technology","","","","","",2
"256","System Map Data: Jan_2023","Net Zero Buildings","n_217","Gas Grid","Availability Of Feedstocks","The availability of feedstocks for anaerobic digestion","4163","tonnes/yr","Defra","https://assets.publishing.service.gov.uk/government/uploads/system/uploads/attachment_data/file/1039249/nonfood-dataset-9dec21.ods","",2
"257","System Map Data: Jan_2023","Net Zero Buildings","n_218","Gas Grid","Available Waste Streams","Available waste streams to supply anaerobic digestion feedstocks","9695","tonnes/yr","Defra","https://assets.publishing.service.gov.uk/government/uploads/system/uploads/attachment_data/file/1039249/nonfood-dataset-9dec21.ods","",2
"258","System Map Data: Jan_2023","Net Zero Buildings","n_219","Gas Grid","Biogas Jobs","The number of UK jobs connected to the biogas market","8200","#","ONS","https://www.ons.gov.uk/economy/environmentalaccounts/datasets/lowcarbonandrenewableenergyeconomyindirectestimatesdataset","Green Jobs",2
"259","System Map Data: Jan_2023","Net Zero Buildings","n_220","Gas Grid","Biogas Production Capacity","The production capacity of biogas in the UK","68","ktoe/yr (heat)","Defra","https://www.gov.uk/government/statistics/area-of-crops-grown-for-bioenergy-in-england-and-the-uk-2008-2020/section-3-anaerobic-digestion","",2
"260","System Map Data: Jan_2023","Net Zero Buildings","n_221","Gas Grid","Biomethane Available For Heating","The amount of biomethane available for heating","172","Thousand tonnes of oil equivalent","BEIS","https://www.gov.uk/government/statistics/renewable-sources-of-energy-chapter-6-digest-of-united-kingdom-energy-statistics-dukes","",2
"261","System Map Data: Jan_2023","Net Zero Buildings","n_222","Gas Grid","Biomethane Demand","The demand for biomethane in the UK","3690","ktoe/yr (heat)","Defra","https://assets.publishing.service.gov.uk/government/uploads/system/uploads/attachment_data/file/1039249/nonfood-dataset-9dec21.ods","",2
"262","System Map Data: Jan_2023","Net Zero Buildings","n_223","Gas Grid","Carbon Intensity Of Gas Grid","The amount of carbon created for each unit on energy generated in the gas grid","0.1838","kgCO2e/kWh (Gross CV)","BEIS/Defra","https://www.gov.uk/government/publications/greenhouse-gas-reporting-conversion-factors-2020","",2
"263","System Map Data: Jan_2023","Net Zero Buildings","n_224","Gas Grid","Commercial Viability Of Anerobic Digestion","The commercial viability of operating anerobic digestion plants","","ROI","Energies","https://www.mdpi.com/1996-1073/14/24/8252","",2
"264","System Map Data: Jan_2023","Net Zero Buildings","n_225","Gas Grid","Competing Biomethane Demand","Demand for biomethane for purposes outside of heating","5.4","million litres","Defra","https://assets.publishing.service.gov.uk/government/uploads/system/uploads/attachment_data/file/1039249/nonfood-dataset-9dec21.ods","",2
"265","System Map Data: Jan_2023","Net Zero Buildings","n_226","Gas Grid","Digestate Replacing Artificial Fertiliser","Using anerobic digestate to replace artifical chemical fertilisers","7.5","million tonnes","WRAP","https://wrap.org.uk/resources/report/anaerobic-digestion-and-composting-latest-industry-survey-report-new-summaries","",2
"266","System Map Data: Jan_2023","Net Zero Buildings","n_236","Gas heating","Cost Of Gas Vs Alternatives","The cost of gas heating vs alternative sources","","ratio","","","",2
"267","System Map Data: Jan_2023","Net Zero Buildings","n_237","Gas heating","Demand For Gas Boiler Skills","UK demand for professionals with gas boiler skills and expertise","","","","","",2
"268","System Map Data: Jan_2023","Net Zero Buildings","n_242","Gas heating","Gas Boiler Overall Costs","The total cost of having a gas boiler","","","","","",2
"269","System Map Data: Jan_2023","Net Zero Buildings","n_227","Gas Grid","Hydrogen Availability","The availability of hydrgoen in the UK","1429","metric tonnes/day","Fuel Cells and Hydrogen Observatory","https://www.fchobservatory.eu/observatory/technology-and-market/hydrogen-supply-capacity","",2
"270","System Map Data: Jan_2023","Net Zero Buildings","n_228","Gas Grid","Investment In Biogas","Investment in biogas by industry","3,000-9,800 capital per kW, 200-1000 annual operating per kW","£/kW, £/kW/yr","ADBA","https://adbioresources.org/report-biomethane-the-pathway-to-2030/","",2
"271","System Map Data: Jan_2023","Net Zero Buildings","n_229","Gas Grid","Land Used For Energy Crops","The amount of land used to grow energy crops for anerobic digestion","85","thousand hectares","Defra","https://assets.publishing.service.gov.uk/government/uploads/system/uploads/attachment_data/file/1039249/nonfood-dataset-9dec21.ods","",2
"272","System Map Data: Jan_2023","Net Zero Buildings","n_230","Gas Grid","Emissions From Gas","The total carbon dioxide equivalent emissions from burning gas","170","MtCO2/yr","BEIS","https://assets.publishing.service.gov.uk/government/uploads/system/uploads/attachment_data/file/972583/2020_Provisional_emissions_statistics_report.pdf","",2
"273","System Map Data: Jan_2023","Net Zero Buildings","n_231","Gas Grid","Number Of Anaerobic Digestors","The number of anerobic digetion plants in the UK","579","#","Defra","https://www.gov.uk/government/statistics/area-of-crops-grown-for-bioenergy-in-england-and-the-uk-2008-2020/section-3-anaerobic-digestion","",2
"274","System Map Data: Jan_2023","Net Zero Buildings","n_232","Gas Grid","Proportion Of Biomethane In Gas Grid","The proportion of gas in the grid that comes from renewable sources","9.264705882","%","BEIS","https://assets.publishing.service.gov.uk/government/uploads/system/uploads/attachment_data/file/1006628/DUKES_2021_Chapter_4_Natural_gas.pdf","",2
"275","System Map Data: Jan_2023","Net Zero Buildings","n_233","Gas Grid","Proportion Of Hydrogen In Gas Grid","The percentage of hydrogen blended into the gas grid","0","%","BEIS","https://assets.publishing.service.gov.uk/government/uploads/system/uploads/attachment_data/file/1011283/UK-Hydrogen-Strategy_web.pdf","",2
"276","System Map Data: Jan_2023","Net Zero Buildings","n_234","Gas Grid","Gas Demand","The total UK demand for gas","811","TWh/yr","BEIS","https://assets.publishing.service.gov.uk/government/uploads/system/uploads/attachment_data/file/1006628/DUKES_2021_Chapter_4_Natural_gas.pdf","",2
"277","System Map Data: Jan_2023","Net Zero Buildings","n_235","Gas Grid","Local Gas Grid Operability Risk","The risk to the local opearability of the gas grid caused by a reduction in buildings connected to it","","","","","",2
"278","System Map Data: Jan_2023","Net Zero Buildings","n_238","Gas heating","Gas Boiler Capital Costs","The cost of buying and installing a gas boiler","3000","£/property","Delta-ee","https://www.delta-ee.com/downloads/1-research-downloads/39-heat-research/2925-whitepaper-what-is-the-potential-for-cutting-the-cost-of-an-installed-heat-pump.html","",2
"279","System Map Data: Jan_2023","Net Zero Buildings","n_239","Gas heating","Gas Boiler Efficiency","The actual efficiency of a gas boiler once installed","0.87","higher heating value","CCC","https://www.theccc.org.uk/wp-content/uploads/2019/08/Analysis-on-abating-direct-emissions-from-%E2%80%98hard-to-decarbonise%E2%80%99-homes-Element-Energy-UCL.xlsx","",2
"280","System Map Data: Jan_2023","Net Zero Buildings","n_248","Heat Networks","Heat Network Jobs","The number of UK jobs connected to the heat network market","","","","","Green Jobs",2
"281","System Map Data: Jan_2023","Net Zero Buildings","n_251","Heat Networks","Green Heat Networks Demand","UK demand for green heat networks","","","","","",2
"282","System Map Data: Jan_2023","Net Zero Buildings","n_240","Gas heating","Gas Boiler Installation","The number of gas boilers installed in the UK","1.65","million units/year","Delta-ee","https://www.delta-ee.com/downloads/1-research-downloads/39-heat-research/2925-whitepaper-what-is-the-potential-for-cutting-the-cost-of-an-installed-heat-pump.html","",2
"283","System Map Data: Jan_2023","Net Zero Buildings","n_241","Gas heating","Gas Boiler Manufacture","The number of gas boilers manufactured for the UK market","0.55","","BEIS","https://assets.publishing.service.gov.uk/government/uploads/system/uploads/attachment_data/file/943712/heat-pump-manufacturing-supply-chain-research-project-report.pdf","",2
"284","System Map Data: Jan_2023","Net Zero Buildings","n_243","Gas heating","Gas Boiler Running Costs","The cost of running and maintaining a gas boiler","100","£/yr (maintenance costs, exc. fuel)","CCC/AECOM","https://www.theccc.org.uk/wp-content/uploads/2019/07/The-costs-and-benefits-of-tighter-standards-for-new-buildings-Currie-Brown-and-AECOM.pdf","",2
"285","System Map Data: Jan_2023","Net Zero Buildings","n_244","Gas heating","Gas Price","The price to consumers of gas","48","p/therm (real 2018 prices)","HM Treasury","https://www.gov.uk/government/publications/valuation-of-energy-use-and-greenhouse-gas-emissions-for-appraisal","",2
"286","System Map Data: Jan_2023","Net Zero Buildings","n_245","Gas heating","Buildings With Gas Boilers","The number of UK buildings with gas boilers","23","million (homes only)","Delta-ee","https://www.delta-ee.com/downloads/1-research-downloads/39-heat-research/2925-whitepaper-what-is-the-potential-for-cutting-the-cost-of-an-installed-heat-pump.html","",2
"287","System Map Data: Jan_2023","Net Zero Buildings","n_246","Heat Networks","Awareness/Interest In Heat Networks","Public awareness and interest in heat networks as a source of heating","","","","","",2
"288","System Map Data: Jan_2023","Net Zero Buildings","n_247","Heat Networks","Buildings Connected To Green Heat Networks","The number of UK buildings connected to green heat networks","Approx. 1550-5600","#","BEIS","https://www.gov.uk/government/publications/energy-trends-march-2018-special-feature-article-experimental-statistics-on-heat-networks","",2
"289","System Map Data: Jan_2023","Net Zero Buildings","n_249","Heat Networks","Existing CHP Networks","The number of exisiting combined heat and power networks","5.8","TWh/yr","The Association for Decentralised Energy","https://www.theade.co.uk/assets/docs/resources/Heat%20Networks%20in%20the%20UK_v5%20web%20single%20pages.pdf","",2
"290","System Map Data: Jan_2023","Net Zero Buildings","n_250","Heat Networks","Green Heat Networks Construction","The number of new green heat networks constructed","224.99","£/m capex under construction","BEIS","https://www.gov.uk/government/publications/hndu-pipeline","",2
"291","System Map Data: Jan_2023","Net Zero Buildings","n_252","Heat Networks","Heat Networks Construction Costs","The total cost of constructing a green heat network","1000","£/m","DECC","https://assets.publishing.service.gov.uk/government/uploads/system/uploads/attachment_data/file/424254/heat_networks.pdf","",2
"292","System Map Data: Jan_2023","Net Zero Buildings","n_253","Heat Networks","Organisations Providing Heat Networks","The number of organisation providing green heat networks to UK buildings","20","Number of members of Heat Trust","Heat Trust","https://heattrust.org/members","",2
"293","System Map Data: Jan_2023","Net Zero Buildings","n_254","Heat Networks","Waste/Recovered Heat Used For Heating","The number of heat network using waste or recovered heat for buildings","95-310","TWh/yr","BEIS","https://assets.publishing.service.gov.uk/government/uploads/system/uploads/attachment_data/file/1015585/opps_for_dhnnca_hc.pdf","",2
"294","System Map Data: Jan_2023","Transport","n_255","Net Emissions","Net Emissions From Transport","","","","","","",2
"295","System Map Data: Jan_2023","Transport","n_256","Net Emissions","Air Quality","","","","","","",2
"296","System Map Data: Jan_2023","Transport","n_257","Net Emissions","Emissions From Infrastucture","","","","","","",2
"297","System Map Data: Jan_2023","Transport","n_258","Mode Choice & Demand","Person Journeys Taken","","","","","","",2
"298","System Map Data: Jan_2023","Transport","n_259","Mode Choice & Demand","Desire Or Need To Travel","","","","","","",2
"299","System Map Data: Jan_2023","Transport","n_260","Mode Choice & Demand","Travel For Work","","","","","","",2
"300","System Map Data: Jan_2023","Transport","n_261","Mode Choice & Demand","Travel For Leisure","","","","","","",2
"301","System Map Data: Jan_2023","Transport","n_262","Mode Choice & Demand","Remote Working","","","","","","",2
"302","System Map Data: Jan_2023","Transport","n_263","Mode Choice & Demand","Access To Jobs","","","","","","",2
"303","System Map Data: Jan_2023","Transport","n_264","Mode Choice & Demand","Household Income Levels","","","","","","",2
"304","System Map Data: Jan_2023","Transport","n_265","Mode Choice & Demand","Dispersal Of Personal Networks","","","","","","",2
"305","System Map Data: Jan_2023","Transport","n_266","Mode Choice & Demand","Urban Vs Rural Population","","","","","","",2
"306","System Map Data: Jan_2023","Transport","n_267","Mode Choice & Demand","Distance to Utilities/Work","","","","","","",2
"307","System Map Data: Jan_2023","Transport","n_268","Mode Choice & Demand","Distance Of Journeys","","","","","","",2
"308","System Map Data: Jan_2023","Transport","n_269","Mode Choice & Demand","Atractiveness Of Car Travel","","","","","","",2
"309","System Map Data: Jan_2023","Transport","n_270","Mode Choice & Demand","Atractiveness Of Cycle Travel","","","","","","",2
"310","System Map Data: Jan_2023","Transport","n_271","Mode Choice & Demand","Cycle Journeys","","","","","","",2
"311","System Map Data: Jan_2023","Transport","n_272","Mode Choice & Demand","Walk Journeys","","","","","","",2
"312","System Map Data: Jan_2023","Transport","n_273","Mode Choice & Demand","Public Health","","","","","","",2
"313","System Map Data: Jan_2023","Transport","n_274","Mode Choice & Demand","Cycling Infrastucture","","","","","","",2
"314","System Map Data: Jan_2023","Transport","n_275","Mode Choice & Demand","Public Transport Affordability","","","","","","",2
"315","System Map Data: Jan_2023","Transport","n_276","Mode Choice & Demand","Attractiveness Of Public Transport","","","","","","",2
"316","System Map Data: Jan_2023","Transport","n_277","Mode Choice & Demand","Confidence Using Public Transport","","","","","","",2
"317","System Map Data: Jan_2023","Transport","n_278","Mode Choice & Demand","Safety Of Public Transport","","","","","","",2
"318","System Map Data: Jan_2023","Transport","n_279","Mode Choice & Demand","Reliability Of Public Transport","","","","","","",2
"319","System Map Data: Jan_2023","Transport","n_280","Mode Choice & Demand","Access To Public Transport","","","","","","",2
"320","System Map Data: Jan_2023","Transport","n_281","Mode Choice & Demand","Connection Between Transport Modes","","","","","","",2
"321","System Map Data: Jan_2023","Transport","n_282","Mode Choice & Demand","Available Information On Public Transport","","","","","","",2
"322","System Map Data: Jan_2023","Transport","n_283","Mode Choice & Demand","Smart Transport Planning Technology","","","","","","",2
"323","System Map Data: Jan_2023","Transport","n_284","Mode Choice & Demand","Accessibility Of Public Transport","","","","","","",2
"324","System Map Data: Jan_2023","Transport","n_313","Cars","Upfront Cost Of Evs","","","","","","",2
"325","System Map Data: Jan_2023","Transport","n_314","Cars","Cost Of EV Raw Materials","","","","","","",2
"326","System Map Data: Jan_2023","Transport","n_315","Cars","EVs On Finance Costs","","","","","","",2
"327","System Map Data: Jan_2023","Transport","n_316","Cars","Assumed Future EV Value","","","","","","",2
"328","System Map Data: Jan_2023","Transport","n_317","Cars","Battery Lifetime","","","","","","",2
"329","System Map Data: Jan_2023","Transport","n_318","Cars","Manufacturer Investment In EV Technology","","","","","","",2
"330","System Map Data: Jan_2023","Transport","n_319","Cars","Efficiency Of Evs","","","","","","",2
"331","System Map Data: Jan_2023","Transport","n_320","Cars","Second Hand Market For EVs","","","","","","",2
"332","System Map Data: Jan_2023","Transport","n_321","Cars","Market Certainty In Evs","","","","","","",2
"333","System Map Data: Jan_2023","Transport","n_322","Cars","Battery Range & Charge Speed","","","","","","",2
"334","System Map Data: Jan_2023","Transport","n_323","Cars","Perception Of EV Dependebility","","","","","","",2
"335","System Map Data: Jan_2023","Transport","n_324","Cars","Cost Of Charging Infrastucture","","","","","","",2
"336","System Map Data: Jan_2023","Transport","n_325","Cars","Availability Of Charging Infrastucture","","","","","","",2
"337","System Map Data: Jan_2023","Transport","n_326","Cars","Public Charging Installation","","","","","","",2
"338","System Map Data: Jan_2023","Transport","n_327","Cars","Private Charging Installation","","","","","","",2
"339","System Map Data: Jan_2023","Transport","n_328","Vans","Proportion Of Vans That Are Evs","","","","","","",2
"340","System Map Data: Jan_2023","Transport","n_329","Vans","Carbon Intensity Of Van Journeys","","","","","","",2
"341","System Map Data: Jan_2023","Transport","n_330","Vans","Emissions From Vans","","","","","","",2
"342","System Map Data: Jan_2023","Transport","n_331","Vans","Van Journeys","","","","","","",2
"343","System Map Data: Jan_2023","Transport","n_332","Vans","Personal Van Journeys","","","","","","",2
"344","System Map Data: Jan_2023","Transport","n_333","Vans","Personal Van Ownership","","","","","","",2
"345","System Map Data: Jan_2023","Transport","n_334","Vans","Van Journeys For Equipment Or Materials","","","","","","",2
"346","System Map Data: Jan_2023","Transport","n_335","Vans","Van Journeys For Freight","","","","","","",2
"347","System Map Data: Jan_2023","Transport","n_336","Vans","E-Cargo Delivery Bikes","","","","","","",2
"348","System Map Data: Jan_2023","Transport","n_337","Electricity Grid","Electricity Demand","","","","","","",2
"349","System Map Data: Jan_2023","Transport","n_338","Electricity Grid","Peak Electricity Demand","","","","","","",2
"350","System Map Data: Jan_2023","Transport","n_339","Electricity Grid","Electricity Cost","","","","","","",2
"351","System Map Data: Jan_2023","Transport","n_340","Electricity Grid","Need For Grid Reinforcement","","","","","","",2
"352","System Map Data: Jan_2023","Transport","n_341","Electricity Grid","Copper Demand","","","","","","",2
"353","System Map Data: Jan_2023","Transport","n_342","Electricity Grid","Vehicle to Grid & Home","","","","","","",2
"354","System Map Data: Jan_2023","Transport","n_343","Electricity Grid","Carbon Intensity Of Electricity Grid","","","","","","",2
"355","System Map Data: Jan_2023","Transport","n_344","Electricity Grid","Renewable Energy Sources","","","","","","",2
"356","System Map Data: Jan_2023","Transport","n_345","Electricity Grid","Amount Of Smart Vs Regular Charging","","","","","","",2
"357","System Map Data: Jan_2023","Transport","n_346","Electricity Grid","Incentives For Smart Charging","","","","","","",2
"358","System Map Data: Jan_2023","Transport","n_347","Electricity Grid","Local Grid Free Capacity","","","","","","",2
"359","System Map Data: Jan_2023","Transport","n_348","Aviation","Emissions From Aviation","","","","","","",2
"360","System Map Data: Jan_2023","Transport","n_349","Aviation","Plane Journeys Taken","","","","","","",2
"361","System Map Data: Jan_2023","Transport","n_350","Aviation","Cost Of Flights","","","","","","",2
"362","System Map Data: Jan_2023","Transport","n_351","Aviation","Demand For Aviation Freight","","","","","","",2
"363","System Map Data: Jan_2023","Transport","n_352","Aviation","Carbon Pricing","","","","","","",2
"364","System Map Data: Jan_2023","Transport","n_353","Aviation","Carbon Intensity Of Aviation","","","","","","",2
"365","System Map Data: Jan_2023","Transport","n_354","Aviation","System Efficency Of Aviation","","","","","","",2
"366","System Map Data: Jan_2023","Transport","n_355","Aviation","Operational Efficency Of Aviation","","","","","","",2
"367","System Map Data: Jan_2023","Transport","n_356","Aviation","Plane Loading Proportion","","","","","","",2
"368","System Map Data: Jan_2023","Transport","n_357","Aviation","Age Of Plane Fleet","","","","","","",2
"369","System Map Data: Jan_2023","Transport","n_358","Aviation","Proportion Of Zero Emissions Planes","","","","","","",2
"370","System Map Data: Jan_2023","Transport","n_359","Aviation","Flight Range Of Sustainable Technologies","","","","","","",2
"371","System Map Data: Jan_2023","Transport","n_360","Aviation","Cost Of Sustainable Technologies","","","","","","",2
"372","System Map Data: Jan_2023","Transport","n_361","Aviation","R&D Support For Sustainable Aviation","","","","","","",2
"373","System Map Data: Jan_2023","Transport","n_362","Aviation","Airline Desire To Reduce Emissions","","","","","","",2
"374","System Map Data: Jan_2023","Transport","n_363","Aviation","Sustainable Aviation Infrastucture","","","","","","",2
"375","System Map Data: Jan_2023","Transport","n_364","Aviation","Targets & Legislation","","","","","","",2
"376","System Map Data: Jan_2023","Transport","n_365","Aviation","Use Of Sustainable Aviation Fuel","","","","","","",2
"377","System Map Data: Jan_2023","Transport","n_366","Aviation","Regulations for SAF","","","","","","",2
"378","System Map Data: Jan_2023","Transport","n_367","Aviation","SAF Mandate","","","","","","",2
"379","System Map Data: Jan_2023","Transport","n_368","Maritime","Emissions From Maritime","","","","","","",2
"380","System Map Data: Jan_2023","Transport","n_369","Maritime","Maritime Journeys Taken","","","","","","",2
"381","System Map Data: Jan_2023","Transport","n_370","Maritime","Maritime Passenger Demand","","","","","","",2
"382","System Map Data: Jan_2023","Transport","n_371","Maritime","Maritime Freight Demand","","","","","","",2
"383","System Map Data: Jan_2023","Transport","n_372","Maritime","Maritime Operating Costs","","","","","","",2
"384","System Map Data: Jan_2023","Transport","n_373","Maritime","Carbon Intensity Of Maritime Travel","","","","","","",2
"385","System Map Data: Jan_2023","Transport","n_374","Maritime","Energy Efficiency Measures On Boats","","","","","","",2
"386","System Map Data: Jan_2023","Transport","n_375","Maritime","Low Emissions Maritime Fleet","","","","","","",2
"387","System Map Data: Jan_2023","Transport","n_376","Maritime","Investment In Low Emissions Maritime","","","","","","",2
"388","System Map Data: Jan_2023","Transport","n_377","Maritime","Costs Of Sustainable Maritime Technology","","","","","","",2
"389","System Map Data: Jan_2023","Transport","n_378","Maritime","Use Of Sustainable Maritime Fuels","","","","","","",2
"390","System Map Data: Jan_2023","Transport","n_379","Maritime","Sustainable Port Fuelling Infrastucutre","","","","","","",2
"391","System Map Data: Jan_2023","Transport","n_380","Maritime","Shore Power","","","","","","",2
"392","System Map Data: Jan_2023","Transport","n_381","Maritime","Retrofitting Of Vessels","","","","","","",2
"393","System Map Data: Jan_2023","Transport","n_382","Freight","Emissions From Road Freight","","","","","","",2
"394","System Map Data: Jan_2023","Transport","n_383","Freight","Carbon Intensity Of Road Freight /Item","","","","","","",2
"395","System Map Data: Jan_2023","Transport","n_384","Freight","Carbon Intensity Of Freight Fuel","","","","","","",2
"396","System Map Data: Jan_2023","Transport","n_385","Freight","Sustainable Fuels In HGV","","","","","","",2
"397","System Map Data: Jan_2023","Transport","n_387","Freight","Km Travelled By Road Freight","","","","","","",2
"398","System Map Data: Jan_2023","Transport","n_388","Freight","Km Travelled By Freight","","","","","","",2
"399","System Map Data: Jan_2023","Transport","n_389","Freight","Corporate Desire To Reduce Frieght Emissions","","","","","","",2
"400","System Map Data: Jan_2023","Transport","n_390","Freight","Onshoring Of Production","","","","","","",2
"401","System Map Data: Jan_2023","Transport","n_391","Freight","Proportion Of ZEVs In Freight Fleet","","","","","","",2
"402","System Map Data: Jan_2023","Transport","n_392","Freight","Public Freight ZEV Infrastucture","","","","","","",2
"403","System Map Data: Jan_2023","Transport","n_393","Freight","Usability Of Low Carbon Freight Options","","","","","","",2
"404","System Map Data: Jan_2023","Transport","n_394","Freight","Range & Power Of ZEV Freight Options","","","","","","",2
"405","System Map Data: Jan_2023","Transport","n_395","Freight","Charging Speed Of HGVs","","","","","","",2
"406","System Map Data: Jan_2023","Transport","n_396","Freight","ZEV Frieght R&D","","","","","","",2
"407","System Map Data: Jan_2023","Transport","n_397","Freight","Government Freight Phaseout Targets","","","","","","",2
"408","System Map Data: Jan_2023","Transport","n_398","Freight","Cost Of ZEV Freight Options","","","","","","",2
"409","System Map Data: Jan_2023","Transport","n_399","Freight","Cost Of ZEV Freight Infrastructure","","","","","","",2
"410","System Map Data: Jan_2023","Transport","n_400","Freight","Certainty About ZEV Freight Options","","","","","","",2
"411","System Map Data: Jan_2023","Transport","n_401","Freight","Other Countries Deploying ZEV Freight","","","","","","",2
"412","System Map Data: Jan_2023","Transport","n_402","Freight","Coordination For Last Mile Delivery","","","","","","",2
"413","System Map Data: Jan_2023","Transport","n_403","Freight","Optimised Freight Loading Levels","","","","","","",2
"414","System Map Data: Jan_2023","Transport","n_404","Freight","Empty Freight Journeys","","","","","","",2
"415","System Map Data: Jan_2023","Transport","n_405","Freight","Just In Time Delivery","","","","","","",2
"416","System Map Data: Jan_2023","Transport","n_406","Freight","Freight Consolidation Centres","","","","","","",2
"417","System Map Data: Jan_2023","Transport","n_407","Rail","Emissions From Rail Freight","","","","","","",2
"418","System Map Data: Jan_2023","Transport","n_408","Rail","Km Travelled By Rail Freight","","","","","","",2
"419","System Map Data: Jan_2023","Transport","n_409","Rail","Freight Mode Shift To Rail","","","","","","",2
"420","System Map Data: Jan_2023","Transport","n_410","Rail","Attractiveness Of Rail Vs Road For Freight","","","","","","",2
"421","System Map Data: Jan_2023","Transport","n_411","Rail","Strategic Rail Freight Interchanges","","","","","","",2
"422","System Map Data: Jan_2023","Transport","n_412","Rail","Rail Network Available Capacity","","","","","","",2
"423","System Map Data: Jan_2023","Transport","n_413","Rail","Emissions From Passenger Rail","","","","","","",2
"424","System Map Data: Jan_2023","Transport","n_414","Rail","Passenger Rail Journeys","","","","","","",2
"425","System Map Data: Jan_2023","Transport","n_415","Rail","Carbon Intensity Of Passenger Rail","","","","","","",2
"426","System Map Data: Jan_2023","Transport","n_416","Rail","Hydorgen Fuel For Trains","","","","","","",2
"427","System Map Data: Jan_2023","Transport","n_417","Rail","Sustainable Fuels In Rail","","","","","","",2
"428","System Map Data: Jan_2023","Transport","n_418","Rail","Carbon Intensity Of Rail Freight /Item","","","","","","",2
"429","System Map Data: Jan_2023","Transport","n_419","Rail","Proportion Of Electrified Journeys","","","","","","",2
"430","System Map Data: Jan_2023","Transport","n_420","Rail","Electrification Of Tracks","","","","","","",2
"431","System Map Data: Jan_2023","Transport","n_421","Rail","Availability Of DfT Funding","","","","","","",2
"432","System Map Data: Jan_2023","Transport","n_422","Rail","Train Stock Suitable For Electrification","","","","","","",2
"433","System Map Data: Jan_2023","Transport","n_423","Rail","Biomode & Hydrogen Battery Trains","","","","","","",2
"434","System Map Data: Jan_2023","Transport","n_424","Rail","Cost Of Bimode  & Battery Trains","","","","","","",2
"435","System Map Data: Jan_2023","Transport","n_425","Rail","Development Of ZE Rail Technologies","","","","","","",2
"436","System Map Data: Jan_2023","Transport","n_426","Rail","Investment in ZE Rail Technology","","","","","","",2
"437","System Map Data: Jan_2023","Transport","n_427","Rail","Investment in ZE Rail Manufacturing","","","","","","",2
"438","System Map Data: Jan_2023","Transport","n_428","Rail","Battery Trains","","","","","","",2
"439","System Map Data: Jan_2023","Transport","n_429","Rail","Certainty Of ZE Rail Technology","","","","","","",2
"440","System Map Data: Jan_2023","Transport","n_430","Buses","Emissions From Buses & Coaches","","","","","","",2
"441","System Map Data: Jan_2023","Transport","n_431","Buses","Bus Journeys Taken","","","","","","",2
"442","System Map Data: Jan_2023","Transport","n_432","Buses","Carbon Intensity Of Bus & Coach Journeys","","","","","","",2
"443","System Map Data: Jan_2023","Transport","n_433","Buses","Sustainable Fuels In Buses","","","","","","",2
"444","System Map Data: Jan_2023","Transport","n_434","Buses","Proportion Of ZEV Buses & Coaches","","","","","","",2
"445","System Map Data: Jan_2023","Transport","n_435","Buses","Restrictions On Non-ZEV Buses & Coaches","","","","","","",2
"446","System Map Data: Jan_2023","Transport","n_436","Buses","Cost Of ZEV Buses & Coaches","","","","","","",2
"447","System Map Data: Jan_2023","Transport","n_437","Buses","Government Funding For ZEBs","","","","","","",2
"448","System Map Data: Jan_2023","Transport","n_438","Buses","Cost Of ZEV Bus & Coach Infrastucture","","","","","","",2
"449","System Map Data: Jan_2023","Transport","n_439","Buses","ZEV Bus & Coach R&D","","","","","","",2
"450","System Map Data: Jan_2023","Transport","n_440","Buses","Confidence In ZEV Bus & Coach Technology","","","","","","",2
"451","System Map Data: Jan_2023","Transport","n_441","Buses","Public ZEV Coach Infrastucture","","","","","","",2
"452","System Map Data: Jan_2023","Transport","n_442","Alternative Fuels","Low Carbon Fues in Vans & Cars","","","","","","",2
"453","System Map Data: Jan_2023","Transport","n_443","Alternative Fuels","Manufacture Warranties For Biofuels","","","","","","",2
"454","System Map Data: Jan_2023","Transport","n_444","Alternative Fuels","Biofuel Availability","","","","","","",2
"455","System Map Data: Jan_2023","Transport","n_445","Alternative Fuels","Biofuel Demand","","","","","","",2
"456","System Map Data: Jan_2023","Transport","n_446","Alternative Fuels","Regulations On Biofuel Usage","","","","","","",2
"457","System Map Data: Jan_2023","Transport","n_447","Alternative Fuels","Cost Of Biofuels","","","","","","",2
"458","System Map Data: Jan_2023","Transport","n_448","Alternative Fuels","Availability Of Feedstocks","","","","","","",2
"459","System Map Data: Jan_2023","Transport","n_449","Alternative Fuels","Competition For Feedstocks","","","","","","",2
"460","System Map Data: Jan_2023","Transport","n_450","Alternative Fuels","International Biofuel Demand","","","","","","",2
"461","System Map Data: Jan_2023","Transport","n_451","Alternative Fuels","Availability Of Biofuel Crops","","","","","","",2
"462","System Map Data: Jan_2023","Transport","n_452","Alternative Fuels","Cost Of Biofuel Conversion","","","","","","",2
"463","System Map Data: Jan_2023","Transport","n_453","Alternative Fuels","Innovation In Biofuel Conversion","","","","","","",2
"464","System Map Data: Jan_2023","Transport","n_454","Alternative Fuels","Hydrogen Availability","","","","","","",2
"465","System Map Data: Jan_2023","Transport","n_455","Alternative Fuels","Hydrogen Production","","","","","","",2
"466","System Map Data: Jan_2023","Transport","n_456","Alternative Fuels","Hydorgen Demand","","","","","","",2
"467","System Map Data: Jan_2023","Transport","n_457","Alternative Fuels","Government Green Hydorgen Mandate","","","","","","",2
"468","System Map Data: Jan_2023","Transport","n_469","Mode Choice & Demand","Bike Hire Availability","","","","","","",2
"469","System Map Data: Jan_2023","Transport","n_470","Mode Choice & Demand","E-Bike Ownership","","","","","","",2
"470","System Map Data: Jan_2023","Transport","n_471","Maritime","Sustainable Port Operations Infrastucutre","","","","","","",2
"471","System Map Data: Jan_2023","Transport","n_472","Cars","Vehicle Exise Duty","","","","","","",2
"472","System Map Data: Jan_2023","Transport","n_473","Cars","Cost Of Raw Materials","","","","","","",2
"473","System Map Data: Jan_2023","Transport","n_474","Cars","Car Club & Car Hire","","","","","","",2
"474","System Map Data: Jan_2023","Transport","n_475","Cars","Taxi Journeys","","","","","","",2
"475","System Map Data: Jan_2023","Transport","n_476","Cars","Size Of Cars","","","","","","",2
"476","System Map Data: Jan_2023","Transport","n_477","Cars","PM Emissions From Cars","","","","","","",2
