data_name,System,Variable ID,Section on Systems Map,Variable Name,Description,Value,Unit,Source organisation,Weblink,Tags
Apr_2023,System 1,n_1,Sub-System 1,Node_1,,,,,,
Apr_2023,System 1,n_2,Sub-System 2,Node_2,,,,,,
Apr_2023,System 1,n_3,Sub-System 2,Node_3,,,,,,
Apr_2023,System 1,n_4,Sub-System 3,Node_4,,,,,,
Apr_2023,System 1,n_5,Sub-System 3,Node_5,,,,,,
Apr_2023,System 1,n_6,Sub-System 3,Node_6,,,,,,
Apr_2023,System 1,n_7,Sub-System 2,Node_7,,,,,,
Apr_2023,System 1,n_8,Sub-System 2,Node_8,,,,,,
Apr_2023,System 1,n_9,Sub-System 3,Node_9,,,,,,
Apr_2023,System 1,n_10,Sub-System 3,Node_10,,,,,,
Apr_2023,System 1,n_11,Sub-System 3,Node_11,,,,,,
Apr_2023,System 1,n_12,Sub-System 3,Node_12,,,,,,
Apr_2023,System 1,n_13,Sub-System 3,Node_13,,,,,,
Apr_2023,System 1,n_14,Sub-System 3,Node_14,,,,,,
Apr_2023,System 1,n_15,Sub-System 3,Node_15,,,,,,
Apr_2023,System 1,n_16,Sub-System 3,Node_16,,,,,,
Apr_2023,System 1,n_17,Sub-System 2,Node_17,,,,,,
Apr_2023,System 1,n_18,Sub-System 2,Node_18,,,,,,
Apr_2023,System 1,n_19,Sub-System 3,Node_19,,,,,,
Apr_2023,System 1,n_20,Sub-System 2,Node_20,,,,,,
Apr_2023,System 1,n_21,Sub-System 2,Node_21,,,,,,
Apr_2023,System 1,n_22,Sub-System 3,Node_22,,,,,,
Apr_2023,System 1,n_23,Sub-System 3,Node_23,,,,,,
Apr_2023,System 1,n_24,Sub-System 3,Node_24,,,,,,
Apr_2023,System 1,n_25,Sub-System 3,Node_25,,,,,,
Apr_2023,System 1,n_26,Sub-System 3,Node_26,,,,,,
Apr_2023,System 1,n_27,Sub-System 2,Node_27,,,,,,
Apr_2023,System 1,n_28,Sub-System 3,Node_28,,,,,,
Apr_2023,System 1,n_29,Sub-System 2,Node_29,,,,,,
Apr_2023,System 1,n_30,Sub-System 3,Node_30,,,,,,
Apr_2023,System 1,n_31,Sub-System 3,Node_31,,,,,,
Apr_2023,System 1,n_32,Sub-System 2,Node_32,,,,,,
Apr_2023,System 1,n_33,Sub-System 3,Node_33,,,,,,
Apr_2023,System 1,n_34,Sub-System 3,Node_34,,,,,,
Apr_2023,System 1,n_35,Sub-System 3,Node_35,,,,,,
Apr_2023,System 1,n_36,Sub-System 3,Node_36,,,,,,
Apr_2023,System 1,n_37,Sub-System 2,Node_37,,,,,,
Apr_2023,System 1,n_38,Sub-System 3,Node_38,,,,,,
Apr_2023,System 1,n_39,Sub-System 3,Node_39,,,,,,
Apr_2023,System 1,n_40,Sub-System 3,Node_40,,,,,,
Apr_2023,System 1,n_41,Sub-System 4,Node_41,,,,,,
Apr_2023,System 1,n_42,Sub-System 4,Node_42,,,,,,
Apr_2023,System 1,n_43,Sub-System 4,Node_43,,,,,,
Apr_2023,System 1,n_44,Sub-System 4,Node_44,,,,,,
Apr_2023,System 1,n_45,Sub-System 4,Node_45,,,,,,
Apr_2023,System 1,n_46,Sub-System 4,Node_46,,,,,,
Apr_2023,System 1,n_47,Sub-System 4,Node_47,,,,,,
Apr_2023,System 1,n_48,Sub-System 4,Node_48,,,,,,
Apr_2023,System 1,n_49,Sub-System 4,Node_49,,,,,,
Apr_2023,System 1,n_50,Sub-System 4,Node_50,,,,,,
Apr_2023,System 1,n_51,Sub-System 4,Node_51,,,,,,
Apr_2023,System 1,n_52,Sub-System 4,Node_52,,,,,,
Apr_2023,System 1,n_53,Sub-System 4,Node_53,,,,,,
Apr_2023,System 1,n_54,Sub-System 4,Node_54,,,,,,
Apr_2023,System 1,n_55,Sub-System 4,Node_55,,,,,,
Apr_2023,System 1,n_56,Sub-System 4,Node_56,,,,,,
Apr_2023,System 1,n_57,Sub-System 4,Node_57,,,,,,
Apr_2023,System 1,n_58,Sub-System 4,Node_58,,,,,,
Apr_2023,System 1,n_59,Sub-System 4,Node_59,,,,,,
Apr_2023,System 1,n_60,Sub-System 4,Node_60,,,,,,
Apr_2023,System 1,n_61,Sub-System 4,Node_61,,,,,,
Apr_2023,System 1,n_62,Sub-System 5,Node_62,,,,,,
Apr_2023,System 1,n_63,Sub-System 5,Node_63,,,,,,
Apr_2023,System 1,n_64,Sub-System 5,Node_64,,,,,,
Apr_2023,System 1,n_65,Sub-System 5,Node_65,,,,,,
Apr_2023,System 1,n_66,Sub-System 5,Node_66,,,,,,
Apr_2023,System 1,n_67,Sub-System 5,Node_67,,,,,,
Apr_2023,System 1,n_68,Sub-System 5,Node_68,,,,,,
Apr_2023,System 1,n_69,Sub-System 5,Node_69,,,,,,
Apr_2023,System 1,n_70,Sub-System 5,Node_70,,,,,,
Apr_2023,System 1,n_71,Sub-System 5,Node_71,,,,,,
Apr_2023,System 1,n_72,Sub-System 5,Node_72,,,,,,
Apr_2023,System 1,n_73,Sub-System 5,Node_73,,,,,,
Apr_2023,System 1,n_74,Sub-System 5,Node_74,,,,,,
Apr_2023,System 1,n_75,Sub-System 5,Node_75,,,,,,
Apr_2023,System 1,n_76,Sub-System 5,Node_76,,,,,,
Apr_2023,System 1,n_77,Sub-System 5,Node_77,,,,,,
Apr_2023,System 1,n_78,Sub-System 5,Node_78,,,,,,
Apr_2023,System 1,n_79,Sub-System 5,Node_79,,,,,,
Apr_2023,System 1,n_80,Sub-System 5,Node_80,,,,,,
Apr_2023,System 1,n_81,Sub-System 6,Node_81,,,,,,
Apr_2023,System 1,n_82,Sub-System 6,Node_82,,,,,,
Apr_2023,System 1,n_83,Sub-System 6,Node_83,,,,,,
Apr_2023,System 1,n_84,Sub-System 6,Node_84,,,,,,
Apr_2023,System 1,n_85,Sub-System 6,Node_85,,,,,,
Apr_2023,System 1,n_86,Sub-System 6,Node_86,,,,,,
Apr_2023,System 1,n_87,Sub-System 6,Node_87,,,,,,
Apr_2023,System 1,n_88,Sub-System 6,Node_88,,,,,,
Apr_2023,System 1,n_89,Sub-System 6,Node_89,,,,,,
Apr_2023,System 1,n_90,Sub-System 6,Node_90,,,,,,
Apr_2023,System 1,n_91,Sub-System 6,Node_91,,,,,,
Apr_2023,System 1,n_92,Sub-System 6,Node_92,,,,,,
Apr_2023,System 1,n_93,Sub-System 6,Node_93,,,,,,
Apr_2023,System 1,n_94,Sub-System 6,Node_94,,,,,,
Apr_2023,System 1,n_95,Sub-System 6,Node_95,,,,,,
Apr_2023,System 1,n_96,Sub-System 6,Node_96,,,,,,
Apr_2023,System 1,n_97,Sub-System 6,Node_97,,,,,,
Apr_2023,System 1,n_98,Sub-System 6,Node_98,,,,,,
Apr_2023,System 1,n_99,Sub-System 6,Node_99,,,,,,
Apr_2023,System 1,n_100,Sub-System 6,Node_100,,,,,,
Apr_2023,System 1,n_101,Sub-System 6,Node_101,,,,,,
Apr_2023,System 1,n_102,Sub-System 6,Node_102,,,,,,
Apr_2023,System 1,n_103,Sub-System 6,Node_103,,,,,,
Apr_2023,System 1,n_104,Sub-System 6,Node_104,,,,,,
Apr_2023,System 1,n_105,Sub-System 6,Node_105,,,,,,
Apr_2023,System 1,n_106,Sub-System 6,Node_106,,,,,,
Apr_2023,System 1,n_107,Sub-System 6,Node_107,,,,,,
Apr_2023,System 1,n_108,Sub-System 6,Node_108,,,,,,
Apr_2023,System 1,n_109,Sub-System 6,Node_109,,,,,,
Apr_2023,System 1,n_110,Sub-System 6,Node_110,,,,,,
Apr_2023,System 1,n_111,Sub-System 7,Node_111,,,,,,
Apr_2023,System 1,n_112,Sub-System 7,Node_112,,,,,,
Apr_2023,System 1,n_113,Sub-System 7,Node_113,,,,,,
Apr_2023,System 1,n_114,Sub-System 7,Node_114,,,,,,
Apr_2023,System 1,n_115,Sub-System 7,Node_115,,,,,,
Apr_2023,System 1,n_116,Sub-System 7,Node_116,,,,,,
Apr_2023,System 1,n_117,Sub-System 7,Node_117,,,,,,
Apr_2023,System 1,n_118,Sub-System 7,Node_118,,,,,,
Apr_2023,System 1,n_119,Sub-System 7,Node_119,,,,,,
Apr_2023,System 1,n_120,Sub-System 7,Node_120,,,,,,
Apr_2023,System 1,n_121,Sub-System 7,Node_121,,,,,,
Apr_2023,System 1,n_122,Sub-System 7,Node_122,,,,,,
Apr_2023,System 1,n_123,Sub-System 7,Node_123,,,,,,
Apr_2023,System 1,n_124,Sub-System 7,Node_124,,,,,,
Apr_2023,System 1,n_125,Sub-System 8,Node_125,,,,,,
Apr_2023,System 1,n_126,Sub-System 8,Node_126,,,,,,
Apr_2023,System 1,n_127,Sub-System 8,Node_127,,,,,,
Apr_2023,System 1,n_128,Sub-System 8,Node_128,,,,,,
Apr_2023,System 1,n_129,Sub-System 8,Node_129,,,,,,
Apr_2023,System 1,n_130,Sub-System 8,Node_130,,,,,,
Apr_2023,System 1,n_131,Sub-System 8,Node_131,,,,,,
Apr_2023,System 1,n_132,Sub-System 8,Node_132,,,,,,
Apr_2023,System 1,n_133,Sub-System 8,Node_133,,,,,,
Apr_2023,System 1,n_134,Sub-System 8,Node_134,,,,,,
Apr_2023,System 1,n_135,Sub-System 8,Node_135,,,,,,
Apr_2023,System 1,n_136,Sub-System 8,Node_136,,,,,,
Apr_2023,System 1,n_137,Sub-System 8,Node_137,,,,,,
Apr_2023,System 1,n_138,Sub-System 8,Node_138,,,,,,
Apr_2023,System 1,n_139,Sub-System 8,Node_139,,,,,,
Apr_2023,System 1,n_140,Sub-System 9,Node_140,,,,,,
Apr_2023,System 1,n_141,Sub-System 9,Node_141,,,,,,
Apr_2023,System 1,n_142,Sub-System 9,Node_142,,,,,,
Apr_2023,System 1,n_143,Sub-System 9,Node_143,,,,,,
Apr_2023,System 1,n_144,Sub-System 9,Node_144,,,,,,
Apr_2023,System 1,n_145,Sub-System 9,Node_145,,,,,,
Apr_2023,System 1,n_146,Sub-System 9,Node_146,,,,,,
Apr_2023,System 1,n_147,Sub-System 9,Node_147,,,,,,
Apr_2023,System 1,n_148,Sub-System 9,Node_148,,,,,,
Apr_2023,System 1,n_149,Sub-System 9,Node_149,,,,,,
Apr_2023,System 1,n_150,Sub-System 9,Node_150,,,,,,
Apr_2023,System 1,n_151,Sub-System 10,Node_151,,,,,,
Apr_2023,System 1,n_152,Sub-System 10,Node_152,,,,,,
Apr_2023,System 1,n_153,Sub-System 10,Node_153,,,,,,
Apr_2023,System 1,n_154,Sub-System 10,Node_154,,,,,,
Apr_2023,System 1,n_155,Sub-System 10,Node_155,,,,,,
Apr_2023,System 1,n_156,Sub-System 10,Node_156,,,,,,
Apr_2023,System 1,n_157,Sub-System 10,Node_157,,,,,,
Apr_2023,System 1,n_158,Sub-System 10,Node_158,,,,,,
Apr_2023,System 1,n_159,Sub-System 10,Node_159,,,,,,
Apr_2023,System 1,n_160,Sub-System 10,Node_160,,,,,,
Apr_2023,System 1,n_161,Sub-System 10,Node_161,,,,,,
Apr_2023,System 1,n_162,Sub-System 9,Node_162,,,,,,
Apr_2023,System 2,n_163,Sub-System 1,Node_163,,,,,,
Apr_2023,System 2,n_164,Sub-System 2,Node_164,,,,,,
Apr_2023,System 2,n_165,Sub-System 2,Node_165,,,,,,
Apr_2023,System 2,n_166,Sub-System 1,Node_166,,,,,,
Apr_2023,System 2,n_167,Sub-System 3,Node_167,,,,,,
Apr_2023,System 2,n_168,Sub-System 3,Node_168,,,,,,
Apr_2023,System 2,n_169,Sub-System 3,Node_169,,,,,,
Apr_2023,System 2,n_170,Sub-System 3,Node_170,,,,,,
Apr_2023,System 2,n_171,Sub-System 3,Node_171,,,,,,
Apr_2023,System 2,n_172,Sub-System 3,Node_172,,,,,,
Apr_2023,System 2,n_173,Sub-System 3,Node_173,,,,,,
Apr_2023,System 2,n_174,Sub-System 3,Node_174,,,,,,
Apr_2023,System 2,n_175,Sub-System 3,Node_175,,,,,,
Apr_2023,System 2,n_176,Sub-System 3,Node_176,,,,,,
Apr_2023,System 2,n_177,Sub-System 3,Node_177,,,,,,
Apr_2023,System 2,n_178,Sub-System 3,Node_178,,,,,,
Apr_2023,System 2,n_179,Sub-System 3,Node_179,,,,,,
Apr_2023,System 2,n_180,Sub-System 3,Node_180,,,,,,
Apr_2023,System 2,n_181,Sub-System 3,Node_181,,,,,,
Apr_2023,System 2,n_182,Sub-System 3,Node_182,,,,,,
Apr_2023,System 2,n_183,Sub-System 3,Node_183,,,,,,
Apr_2023,System 2,n_184,Sub-System 3,Node_184,,,,,,
Apr_2023,System 2,n_185,Sub-System 3,Node_185,,,,,,
Apr_2023,System 2,n_186,Sub-System 4,Node_186,,,,,,
Apr_2023,System 2,n_187,Sub-System 4,Node_187,,,,,,
Apr_2023,System 2,n_188,Sub-System 4,Node_188,,,,,,
Apr_2023,System 2,n_189,Sub-System 4,Node_189,,,,,,
Apr_2023,System 2,n_190,Sub-System 4,Node_190,,,,,,
Apr_2023,System 2,n_191,Sub-System 4,Node_191,,,,,,
Apr_2023,System 2,n_192,Sub-System 4,Node_192,,,,,,
Apr_2023,System 2,n_193,Sub-System 4,Node_193,,,,,,
Apr_2023,System 2,n_194,Sub-System 4,Node_194,,,,,,
Apr_2023,System 2,n_195,Sub-System 4,Node_195,,,,,,
Apr_2023,System 2,n_196,Sub-System 4,Node_196,,,,,,
Apr_2023,System 2,n_197,Sub-System 4,Node_197,,,,,,
Apr_2023,System 2,n_198,Sub-System 4,Node_198,,,,,,
Apr_2023,System 2,n_199,Sub-System 4,Node_199,,,,,,
Apr_2023,System 2,n_200,Sub-System 4,Node_200,,,,,,
Apr_2023,System 2,n_201,Sub-System 2,Node_201,,,,,,
Apr_2023,System 2,n_202,Sub-System 2,Node_202,,,,,,
Apr_2023,System 2,n_203,Sub-System 2,Node_203,,,,,,
Apr_2023,System 2,n_204,Sub-System 2,Node_204,,,,,,
Apr_2023,System 2,n_205,Sub-System 2,Node_205,,,,,,
Apr_2023,System 2,n_206,Sub-System 2,Node_206,,,,,,
Apr_2023,System 2,n_207,Sub-System 2,Node_207,,,,,,
Apr_2023,System 2,n_208,Sub-System 2,Node_208,,,,,,
Apr_2023,System 2,n_209,Sub-System 2,Node_209,,,,,,
Apr_2023,System 2,n_210,Sub-System 2,Node_210,,,,,,
Apr_2023,System 2,n_211,Sub-System 2,Node_211,,,,,,
Apr_2023,System 2,n_212,Sub-System 2,Node_212,,,,,,
Apr_2023,System 2,n_213,Sub-System 2,Node_213,,,,,,
Apr_2023,System 2,n_214,Sub-System 2,Node_214,,,,,,
Apr_2023,System 2,n_215,Sub-System 2,Node_215,,,,,,
Apr_2023,System 2,n_216,Sub-System 2,Node_216,,,,,,
Apr_2023,System 2,n_458,Sub-System 2,Node_217,,,,,,
Apr_2023,System 2,n_459,Sub-System 2,Node_218,,,,,,
Apr_2023,System 2,n_460,Sub-System 2,Node_219,,,,,,
Apr_2023,System 2,n_461,Sub-System 2,Node_220,,,,,,
Apr_2023,System 2,n_462,Sub-System 2,Node_221,,,,,,
Apr_2023,System 2,n_463,Sub-System 2,Node_222,,,,,,
Apr_2023,System 2,n_464,Sub-System 2,Node_223,,,,,,
Apr_2023,System 2,n_465,Sub-System 2,Node_224,,,,,,
Apr_2023,System 2,n_466,Sub-System 2,Node_225,,,,,,
Apr_2023,System 2,n_467,Sub-System 2,Node_226,,,,,,
Apr_2023,System 2,n_468,Sub-System 2,Node_227,,,,,,
Apr_2023,System 2,n_217,Sub-System 5,Node_228,,,,,,
Apr_2023,System 2,n_218,Sub-System 5,Node_229,,,,,,
Apr_2023,System 2,n_219,Sub-System 5,Node_230,,,,,,
Apr_2023,System 2,n_220,Sub-System 5,Node_231,,,,,,
Apr_2023,System 2,n_221,Sub-System 5,Node_232,,,,,,
Apr_2023,System 2,n_222,Sub-System 5,Node_233,,,,,,
Apr_2023,System 2,n_223,Sub-System 5,Node_234,,,,,,
Apr_2023,System 2,n_224,Sub-System 5,Node_235,,,,,,
Apr_2023,System 2,n_225,Sub-System 5,Node_236,,,,,,
Apr_2023,System 2,n_226,Sub-System 5,Node_237,,,,,,
Apr_2023,System 2,n_227,Sub-System 5,Node_238,,,,,,
Apr_2023,System 2,n_228,Sub-System 5,Node_239,,,,,,
Apr_2023,System 2,n_229,Sub-System 5,Node_240,,,,,,
Apr_2023,System 2,n_230,Sub-System 5,Node_241,,,,,,
Apr_2023,System 2,n_231,Sub-System 5,Node_242,,,,,,
Apr_2023,System 2,n_232,Sub-System 5,Node_243,,,,,,
Apr_2023,System 2,n_233,Sub-System 5,Node_244,,,,,,
Apr_2023,System 2,n_234,Sub-System 5,Node_245,,,,,,
Apr_2023,System 2,n_235,Sub-System 5,Node_246,,,,,,
Apr_2023,System 2,n_236,Sub-System 6,Node_247,,,,,,
Apr_2023,System 2,n_237,Sub-System 6,Node_248,,,,,,
Apr_2023,System 2,n_238,Sub-System 6,Node_249,,,,,,
Apr_2023,System 2,n_239,Sub-System 6,Node_250,,,,,,
Apr_2023,System 2,n_240,Sub-System 6,Node_251,,,,,,
Apr_2023,System 2,n_241,Sub-System 6,Node_252,,,,,,
Apr_2023,System 2,n_242,Sub-System 6,Node_253,,,,,,
Apr_2023,System 2,n_243,Sub-System 6,Node_254,,,,,,
Apr_2023,System 2,n_244,Sub-System 6,Node_255,,,,,,
Apr_2023,System 2,n_245,Sub-System 6,Node_256,,,,,,
Apr_2023,System 2,n_246,Sub-System 7,Node_257,,,,,,
Apr_2023,System 2,n_247,Sub-System 7,Node_258,,,,,,
Apr_2023,System 2,n_248,Sub-System 7,Node_259,,,,,,
Apr_2023,System 2,n_249,Sub-System 7,Node_260,,,,,,
Apr_2023,System 2,n_250,Sub-System 7,Node_261,,,,,,
Apr_2023,System 2,n_251,Sub-System 7,Node_262,,,,,,
Apr_2023,System 2,n_252,Sub-System 7,Node_263,,,,,,
Apr_2023,System 2,n_253,Sub-System 7,Node_264,,,,,,
Apr_2023,System 2,n_254,Sub-System 7,Node_265,,,,,,
Apr_2023,System 3,n_255,Sub-System 1,Node_266,,,,,,
Apr_2023,System 3,n_256,Sub-System 1,Node_267,,,,,,
Apr_2023,System 3,n_257,Sub-System 1,Node_268,,,,,,
Apr_2023,System 3,n_258,Sub-System 2,Node_269,,,,,,
Apr_2023,System 3,n_259,Sub-System 2,Node_270,,,,,,
Apr_2023,System 3,n_260,Sub-System 2,Node_271,,,,,,
Apr_2023,System 3,n_261,Sub-System 2,Node_272,,,,,,
Apr_2023,System 3,n_262,Sub-System 2,Node_273,,,,,,
Apr_2023,System 3,n_263,Sub-System 2,Node_274,,,,,,
Apr_2023,System 3,n_264,Sub-System 2,Node_275,,,,,,
Apr_2023,System 3,n_265,Sub-System 2,Node_276,,,,,,
Apr_2023,System 3,n_266,Sub-System 2,Node_277,,,,,,
Apr_2023,System 3,n_267,Sub-System 2,Node_278,,,,,,
Apr_2023,System 3,n_268,Sub-System 2,Node_279,,,,,,
Apr_2023,System 3,n_269,Sub-System 2,Node_280,,,,,,
Apr_2023,System 3,n_270,Sub-System 2,Node_281,,,,,,
Apr_2023,System 3,n_271,Sub-System 2,Node_282,,,,,,
Apr_2023,System 3,n_272,Sub-System 2,Node_283,,,,,,
Apr_2023,System 3,n_273,Sub-System 2,Node_284,,,,,,
Apr_2023,System 3,n_274,Sub-System 2,Node_285,,,,,,
Apr_2023,System 3,n_275,Sub-System 2,Node_286,,,,,,
Apr_2023,System 3,n_276,Sub-System 2,Node_287,,,,,,
Apr_2023,System 3,n_277,Sub-System 2,Node_288,,,,,,
Apr_2023,System 3,n_278,Sub-System 2,Node_289,,,,,,
Apr_2023,System 3,n_279,Sub-System 2,Node_290,,,,,,
Apr_2023,System 3,n_280,Sub-System 2,Node_291,,,,,,
Apr_2023,System 3,n_281,Sub-System 2,Node_292,,,,,,
Apr_2023,System 3,n_282,Sub-System 2,Node_293,,,,,,
Apr_2023,System 3,n_283,Sub-System 2,Node_294,,,,,,
Apr_2023,System 3,n_284,Sub-System 2,Node_295,,,,,,
Apr_2023,System 3,n_285,Sub-System 2,Node_296,,,,,,
Apr_2023,System 3,n_286,Sub-System 2,Node_297,,,,,,
Apr_2023,System 3,n_287,Sub-System 2,Node_298,,,,,,
Apr_2023,System 3,n_288,Sub-System 2,Node_299,,,,,,
Apr_2023,System 3,n_289,Sub-System 2,Node_300,,,,,,
Apr_2023,System 3,n_290,Sub-System 2,Node_301,,,,,,
Apr_2023,System 3,n_291,Sub-System 2,Node_302,,,,,,
Apr_2023,System 3,n_341,Sub-System 2,Node_303,,,,,,
Apr_2023,System 3,n_292,Sub-System 3,Node_304,,,,,,
Apr_2023,System 3,n_293,Sub-System 3,Node_305,,,,,,
Apr_2023,System 3,n_294,Sub-System 3,Node_306,,,,,,
Apr_2023,System 3,n_295,Sub-System 3,Node_307,,,,,,
Apr_2023,System 3,n_296,Sub-System 3,Node_308,,,,,,
Apr_2023,System 3,n_297,Sub-System 3,Node_309,,,,,,
Apr_2023,System 3,n_298,Sub-System 3,Node_310,,,,,,
Apr_2023,System 3,n_299,Sub-System 3,Node_311,,,,,,
Apr_2023,System 3,n_300,Sub-System 3,Node_312,,,,,,
Apr_2023,System 3,n_301,Sub-System 3,Node_313,,,,,,
Apr_2023,System 3,n_302,Sub-System 3,Node_314,,,,,,
Apr_2023,System 3,n_303,Sub-System 3,Node_315,,,,,,
Apr_2023,System 3,n_304,Sub-System 3,Node_316,,,,,,
Apr_2023,System 3,n_305,Sub-System 3,Node_317,,,,,,
Apr_2023,System 3,n_306,Sub-System 3,Node_318,,,,,,
Apr_2023,System 3,n_307,Sub-System 3,Node_319,,,,,,
Apr_2023,System 3,n_308,Sub-System 3,Node_320,,,,,,
Apr_2023,System 3,n_309,Sub-System 3,Node_321,,,,,,
Apr_2023,System 3,n_310,Sub-System 3,Node_322,,,,,,
Apr_2023,System 3,n_311,Sub-System 3,Node_323,,,,,,
Apr_2023,System 3,n_312,Sub-System 3,Node_324,,,,,,
Apr_2023,System 3,n_313,Sub-System 3,Node_325,,,,,,
Apr_2023,System 3,n_314,Sub-System 3,Node_326,,,,,,
Apr_2023,System 3,n_315,Sub-System 3,Node_327,,,,,,
Apr_2023,System 3,n_316,Sub-System 3,Node_328,,,,,,
Apr_2023,System 3,n_317,Sub-System 3,Node_329,,,,,,
Apr_2023,System 3,n_318,Sub-System 3,Node_330,,,,,,
Apr_2023,System 3,n_319,Sub-System 3,Node_331,,,,,,
Apr_2023,System 3,n_320,Sub-System 3,Node_332,,,,,,
Apr_2023,System 3,n_321,Sub-System 3,Node_333,,,,,,
Apr_2023,System 3,n_322,Sub-System 3,Node_334,,,,,,
Apr_2023,System 3,n_323,Sub-System 3,Node_335,,,,,,
Apr_2023,System 3,n_324,Sub-System 3,Node_336,,,,,,
Apr_2023,System 3,n_325,Sub-System 3,Node_337,,,,,,
Apr_2023,System 3,n_326,Sub-System 3,Node_338,,,,,,
Apr_2023,System 3,n_327,Sub-System 3,Node_339,,,,,,
Apr_2023,System 3,n_328,Sub-System 4,Node_340,,,,,,
Apr_2023,System 3,n_329,Sub-System 4,Node_341,,,,,,
Apr_2023,System 3,n_330,Sub-System 4,Node_342,,,,,,
Apr_2023,System 3,n_331,Sub-System 4,Node_343,,,,,,
Apr_2023,System 3,n_332,Sub-System 4,Node_344,,,,,,
Apr_2023,System 3,n_333,Sub-System 4,Node_345,,,,,,
Apr_2023,System 3,n_334,Sub-System 4,Node_346,,,,,,
Apr_2023,System 3,n_335,Sub-System 4,Node_347,,,,,,
Apr_2023,System 3,n_336,Sub-System 4,Node_348,,,,,,
Apr_2023,System 3,n_337,Sub-System 5,Node_349,,,,,,
Apr_2023,System 3,n_338,Sub-System 5,Node_350,,,,,,
Apr_2023,System 3,n_339,Sub-System 5,Node_351,,,,,,
Apr_2023,System 3,n_340,Sub-System 5,Node_352,,,,,,
Apr_2023,System 3,n_342,Sub-System 5,Node_353,,,,,,
Apr_2023,System 3,n_343,Sub-System 5,Node_354,,,,,,
Apr_2023,System 3,n_345,Sub-System 5,Node_355,,,,,,
Apr_2023,System 3,n_346,Sub-System 5,Node_356,,,,,,
Apr_2023,System 3,n_347,Sub-System 5,Node_357,,,,,,
Apr_2023,System 3,n_348,Sub-System 6,Node_358,,,,,,
Apr_2023,System 3,n_349,Sub-System 6,Node_359,,,,,,
Apr_2023,System 3,n_350,Sub-System 6,Node_360,,,,,,
Apr_2023,System 3,n_351,Sub-System 6,Node_361,,,,,,
Apr_2023,System 3,n_352,Sub-System 6,Node_362,,,,,,
Apr_2023,System 3,n_353,Sub-System 6,Node_363,,,,,,
Apr_2023,System 3,n_354,Sub-System 6,Node_364,,,,,,
Apr_2023,System 3,n_355,Sub-System 6,Node_365,,,,,,
Apr_2023,System 3,n_356,Sub-System 6,Node_366,,,,,,
Apr_2023,System 3,n_357,Sub-System 6,Node_367,,,,,,
Apr_2023,System 3,n_358,Sub-System 6,Node_368,,,,,,
Apr_2023,System 3,n_359,Sub-System 6,Node_369,,,,,,
Apr_2023,System 3,n_360,Sub-System 6,Node_370,,,,,,
Apr_2023,System 3,n_361,Sub-System 6,Node_371,,,,,,
Apr_2023,System 3,n_362,Sub-System 6,Node_372,,,,,,
Apr_2023,System 3,n_363,Sub-System 6,Node_373,,,,,,
Apr_2023,System 3,n_364,Sub-System 6,Node_374,,,,,,
Apr_2023,System 3,n_365,Sub-System 6,Node_375,,,,,,
Apr_2023,System 3,n_366,Sub-System 6,Node_376,,,,,,
Apr_2023,System 3,n_367,Sub-System 7,Node_377,,,,,,
Apr_2023,System 3,n_368,Sub-System 7,Node_378,,,,,,
Apr_2023,System 3,n_369,Sub-System 7,Node_379,,,,,,
Apr_2023,System 3,n_370,Sub-System 7,Node_380,,,,,,
Apr_2023,System 3,n_371,Sub-System 7,Node_381,,,,,,
Apr_2023,System 3,n_372,Sub-System 7,Node_382,,,,,,
Apr_2023,System 3,n_373,Sub-System 7,Node_383,,,,,,
Apr_2023,System 3,n_374,Sub-System 7,Node_384,,,,,,
Apr_2023,System 3,n_375,Sub-System 7,Node_385,,,,,,
Apr_2023,System 3,n_376,Sub-System 7,Node_386,,,,,,
Apr_2023,System 3,n_377,Sub-System 7,Node_387,,,,,,
Apr_2023,System 3,n_378,Sub-System 7,Node_388,,,,,,
Apr_2023,System 3,n_379,Sub-System 7,Node_389,,,,,,
Apr_2023,System 3,n_380,Sub-System 7,Node_390,,,,,,
Apr_2023,System 3,n_381,Sub-System 7,Node_391,,,,,,
Apr_2023,System 3,n_382,Sub-System 8,Node_392,,,,,,
Apr_2023,System 3,n_383,Sub-System 8,Node_393,,,,,,
Apr_2023,System 3,n_384,Sub-System 8,Node_394,,,,,,
Apr_2023,System 3,n_385,Sub-System 8,Node_395,,,,,,
Apr_2023,System 3,n_387,Sub-System 8,Node_396,,,,,,
Apr_2023,System 3,n_388,Sub-System 8,Node_397,,,,,,
Apr_2023,System 3,n_389,Sub-System 8,Node_398,,,,,,
Apr_2023,System 3,n_390,Sub-System 8,Node_399,,,,,,
Apr_2023,System 3,n_391,Sub-System 8,Node_400,,,,,,
Apr_2023,System 3,n_392,Sub-System 8,Node_401,,,,,,
Apr_2023,System 3,n_393,Sub-System 8,Node_402,,,,,,
Apr_2023,System 3,n_394,Sub-System 8,Node_403,,,,,,
Apr_2023,System 3,n_395,Sub-System 8,Node_404,,,,,,
Apr_2023,System 3,n_396,Sub-System 8,Node_405,,,,,,
Apr_2023,System 3,n_398,Sub-System 8,Node_406,,,,,,
Apr_2023,System 3,n_399,Sub-System 8,Node_407,,,,,,
Apr_2023,System 3,n_400,Sub-System 8,Node_408,,,,,,
Apr_2023,System 3,n_401,Sub-System 8,Node_409,,,,,,
Apr_2023,System 3,n_402,Sub-System 8,Node_410,,,,,,
Apr_2023,System 3,n_403,Sub-System 8,Node_411,,,,,,
Apr_2023,System 3,n_404,Sub-System 8,Node_412,,,,,,
Apr_2023,System 3,n_405,Sub-System 8,Node_413,,,,,,
Apr_2023,System 3,n_406,Sub-System 8,Node_414,,,,,,
Apr_2023,System 3,n_407,Sub-System 9,Node_415,,,,,,
Apr_2023,System 3,n_408,Sub-System 9,Node_416,,,,,,
Apr_2023,System 3,n_409,Sub-System 9,Node_417,,,,,,
Apr_2023,System 3,n_410,Sub-System 9,Node_418,,,,,,
Apr_2023,System 3,n_411,Sub-System 9,Node_419,,,,,,
Apr_2023,System 3,n_412,Sub-System 9,Node_420,,,,,,
Apr_2023,System 3,n_413,Sub-System 9,Node_421,,,,,,
Apr_2023,System 3,n_414,Sub-System 9,Node_422,,,,,,
Apr_2023,System 3,n_415,Sub-System 9,Node_423,,,,,,
Apr_2023,System 3,n_416,Sub-System 9,Node_424,,,,,,
Apr_2023,System 3,n_417,Sub-System 9,Node_425,,,,,,
Apr_2023,System 3,n_418,Sub-System 9,Node_426,,,,,,
Apr_2023,System 3,n_419,Sub-System 9,Node_427,,,,,,
Apr_2023,System 3,n_420,Sub-System 9,Node_428,,,,,,
Apr_2023,System 3,n_421,Sub-System 9,Node_429,,,,,,
Apr_2023,System 3,n_422,Sub-System 9,Node_430,,,,,,
Apr_2023,System 3,n_423,Sub-System 9,Node_431,,,,,,
Apr_2023,System 3,n_424,Sub-System 9,Node_432,,,,,,
Apr_2023,System 3,n_425,Sub-System 9,Node_433,,,,,,
Apr_2023,System 3,n_426,Sub-System 9,Node_434,,,,,,
Apr_2023,System 3,n_427,Sub-System 9,Node_435,,,,,,
Apr_2023,System 3,n_428,Sub-System 9,Node_436,,,,,,
Apr_2023,System 3,n_429,Sub-System 9,Node_437,,,,,,
Apr_2023,System 3,n_430,Sub-System 10,Node_438,,,,,,
Apr_2023,System 3,n_431,Sub-System 10,Node_439,,,,,,
Apr_2023,System 3,n_432,Sub-System 10,Node_440,,,,,,
Apr_2023,System 3,n_433,Sub-System 10,Node_441,,,,,,
Apr_2023,System 3,n_434,Sub-System 10,Node_442,,,,,,
Apr_2023,System 3,n_435,Sub-System 10,Node_443,,,,,,
Apr_2023,System 3,n_436,Sub-System 10,Node_444,,,,,,
Apr_2023,System 3,n_437,Sub-System 10,Node_445,,,,,,
Apr_2023,System 3,n_438,Sub-System 10,Node_446,,,,,,
Apr_2023,System 3,n_439,Sub-System 10,Node_447,,,,,,
Apr_2023,System 3,n_440,Sub-System 10,Node_448,,,,,,
Apr_2023,System 3,n_441,Sub-System 10,Node_449,,,,,,
Apr_2023,System 3,n_442,Sub-System 11,Node_450,,,,,,
Apr_2023,System 3,n_443,Sub-System 11,Node_451,,,,,,
Apr_2023,System 3,n_444,Sub-System 11,Node_452,,,,,,
Apr_2023,System 3,n_445,Sub-System 11,Node_453,,,,,,
Apr_2023,System 3,n_446,Sub-System 11,Node_454,,,,,,
Apr_2023,System 3,n_447,Sub-System 11,Node_455,,,,,,
Apr_2023,System 3,n_448,Sub-System 11,Node_456,,,,,,
Apr_2023,System 3,n_449,Sub-System 11,Node_457,,,,,,
Apr_2023,System 3,n_450,Sub-System 11,Node_458,,,,,,
Apr_2023,System 3,n_451,Sub-System 11,Node_459,,,,,,
Apr_2023,System 3,n_452,Sub-System 11,Node_460,,,,,,
Apr_2023,System 3,n_453,Sub-System 11,Node_461,,,,,,
Apr_2023,System 3,n_454,Sub-System 11,Node_462,,,,,,
Apr_2023,System 3,n_455,Sub-System 11,Node_463,,,,,,
Apr_2023,System 3,n_456,Sub-System 11,Node_464,,,,,,
Apr_2023,System 3,n_457,Sub-System 11,Node_465,,,,,,
Apr_2023,System 3,n_469,Sub-System 2,Node_466,,,,,,
Apr_2023,System 3,n_470,Sub-System 2,Node_467,,,,,,
Apr_2023,System 3,n_471,Sub-System 3,Node_468,,,,,,
Apr_2023,System 3,n_472,Sub-System 3,Node_469,,,,,,
Apr_2023,System 3,n_474,Sub-System 3,Node_470,,,,,,
Apr_2023,System 3,n_475,Sub-System 3,Node_471,,,,,,
Apr_2023,System 3,n_476,Sub-System 3,Node_472,,,,,,
Apr_2023,System 4,n_477,Sub-System 1,Node_473,,,,,,
Apr_2023,System 4,n_478,Sub-System 2,Node_474,,,,,,
Apr_2023,System 4,n_479,Sub-System 2,Node_475,,,,,,
Apr_2023,System 4,n_480,Sub-System 2,Node_476,,,,,,
Apr_2023,System 4,n_481,Sub-System 2,Node_477,,,,,,
Apr_2023,System 4,n_482,Sub-System 2,Node_478,,,,,,
Apr_2023,System 4,n_483,Sub-System 2,Node_479,,,,,,
Apr_2023,System 4,n_484,Sub-System 2,Node_480,,,,,,
Apr_2023,System 4,n_485,Sub-System 2,Node_481,,,,,,
Apr_2023,System 4,n_486,Sub-System 2,Node_482,,,,,,
Apr_2023,System 4,n_487,Sub-System 3,Node_483,,,,,,
Apr_2023,System 4,n_488,Sub-System 2,Node_484,,,,,,
Apr_2023,System 4,n_489,Sub-System 4,Node_485,,,,,,
Apr_2023,System 4,n_490,Sub-System 4,Node_486,,,,,,
Apr_2023,System 4,n_491,Sub-System 4,Node_487,,,,,,
Apr_2023,System 4,n_492,Sub-System 4,Node_488,,,,,,
Apr_2023,System 4,n_493,Sub-System 4,Node_489,,,,,,
Apr_2023,System 4,n_494,Sub-System 4,Node_490,,,,,,
Apr_2023,System 4,n_495,Sub-System 4,Node_491,,,,,,
Apr_2023,System 4,n_496,Sub-System 4,Node_492,,,,,,
Apr_2023,System 4,n_497,Sub-System 4,Node_493,,,,,,
Apr_2023,System 4,n_498,Sub-System 4,Node_494,,,,,,
Apr_2023,System 4,n_499,Sub-System 4,Node_495,,,,,,
Apr_2023,System 4,n_500,Sub-System 4,Node_496,,,,,,
Apr_2023,System 4,n_501,Sub-System 4,Node_497,,,,,,
Apr_2023,System 4,n_502,Sub-System 4,Node_498,,,,,,
Apr_2023,System 4,n_503,Sub-System 4,Node_499,,,,,,
Apr_2023,System 4,n_504,Sub-System 4,Node_500,,,,,,
Apr_2023,System 4,n_505,Sub-System 4,Node_501,,,,,,
Apr_2023,System 4,n_506,Sub-System 4,Node_502,,,,,,
Apr_2023,System 4,n_507,Sub-System 4,Node_503,,,,,,
Apr_2023,System 4,n_508,Sub-System 5,Node_504,,,,,,
Apr_2023,System 4,n_509,Sub-System 4,Node_505,,,,,,
Apr_2023,System 4,n_510,Sub-System 4,Node_506,,,,,,
Apr_2023,System 4,n_511,Sub-System 4,Node_507,,,,,,
Apr_2023,System 4,n_512,Sub-System 4,Node_508,,,,,,
Apr_2023,System 4,n_513,Sub-System 4,Node_509,,,,,,
Apr_2023,System 4,n_514,Sub-System 4,Node_510,,,,,,
Apr_2023,System 4,n_515,Sub-System 5,Node_511,,,,,,
Apr_2023,System 4,n_516,Sub-System 5,Node_512,,,,,,
Apr_2023,System 4,n_517,Sub-System 5,Node_513,,,,,,
Apr_2023,System 4,n_518,Sub-System 5,Node_514,,,,,,
Apr_2023,System 4,n_519,Sub-System 5,Node_515,,,,,,
Apr_2023,System 4,n_520,Sub-System 5,Node_516,,,,,,
Apr_2023,System 4,n_521,Sub-System 5,Node_517,,,,,,
Apr_2023,System 4,n_522,Sub-System 5,Node_518,,,,,,
Apr_2023,System 4,n_523,Sub-System 5,Node_519,,,,,,
Apr_2023,System 4,n_524,Sub-System 5,Node_520,,,,,,
Apr_2023,System 4,n_525,Sub-System 5,Node_521,,,,,,
Apr_2023,System 4,n_526,Sub-System 5,Node_522,,,,,,
Apr_2023,System 4,n_527,Sub-System 5,Node_523,,,,,,
Apr_2023,System 4,n_528,Sub-System 5,Node_524,,,,,,
Apr_2023,System 4,n_529,Sub-System 5,Node_525,,,,,,
Apr_2023,System 4,n_530,Sub-System 5,Node_526,,,,,,
Apr_2023,System 4,n_531,Sub-System 5,Node_527,,,,,,
Apr_2023,System 4,n_532,Sub-System 5,Node_528,,,,,,
Apr_2023,System 4,n_533,Sub-System 5,Node_529,,,,,,
Apr_2023,System 4,n_534,Sub-System 5,Node_530,,,,,,
Apr_2023,System 4,n_535,Sub-System 5,Node_531,,,,,,
Apr_2023,System 4,n_536,Sub-System 6,Node_532,,,,,,
Apr_2023,System 4,n_537,Sub-System 6,Node_533,,,,,,
Apr_2023,System 4,n_538,Sub-System 6,Node_534,,,,,,
Apr_2023,System 4,n_539,Sub-System 6,Node_535,,,,,,
Apr_2023,System 4,n_540,Sub-System 6,Node_536,,,,,,
Apr_2023,System 4,n_541,Sub-System 6,Node_537,,,,,,
Apr_2023,System 4,n_542,Sub-System 6,Node_538,,,,,,
Apr_2023,System 4,n_543,Sub-System 6,Node_539,,,,,,
Apr_2023,System 4,n_544,Sub-System 6,Node_540,,,,,,
Apr_2023,System 4,n_545,Sub-System 6,Node_541,,,,,,
Apr_2023,System 4,n_546,Sub-System 6,Node_542,,,,,,
Apr_2023,System 4,n_547,Sub-System 6,Node_543,,,,,,
Apr_2023,System 4,n_548,Sub-System 6,Node_544,,,,,,
Apr_2023,System 4,n_549,Sub-System 6,Node_545,,,,,,
Apr_2023,System 4,n_550,Sub-System 6,Node_546,,,,,,
Apr_2023,System 4,n_551,Sub-System 6,Node_547,,,,,,
Apr_2023,System 4,n_552,Sub-System 6,Node_548,,,,,,
Apr_2023,System 4,n_553,Sub-System 6,Node_549,,,,,,
Apr_2023,System 4,n_554,Sub-System 6,Node_550,,,,,,
Apr_2023,System 4,n_555,Sub-System 6,Node_551,,,,,,
Apr_2023,System 4,n_556,Sub-System 6,Node_552,,,,,,
Apr_2023,System 4,n_557,Sub-System 6,Node_553,,,,,,
Apr_2023,System 4,n_558,Sub-System 6,Node_554,,,,,,
Apr_2023,System 4,n_559,Sub-System 6,Node_555,,,,,,
Apr_2023,System 4,n_560,Sub-System 6,Node_556,,,,,,
Apr_2023,System 4,n_561,Sub-System 6,Node_557,,,,,,
Apr_2023,System 4,n_562,Sub-System 7,Node_558,,,,,,
Apr_2023,System 4,n_563,Sub-System 7,Node_559,,,,,,
Apr_2023,System 4,n_564,Sub-System 7,Node_560,,,,,,
Apr_2023,System 4,n_565,Sub-System 7,Node_561,,,,,,
Apr_2023,System 4,n_566,Sub-System 7,Node_562,,,,,,
Apr_2023,System 4,n_567,Sub-System 7,Node_563,,,,,,
Apr_2023,System 4,n_568,Sub-System 7,Node_564,,,,,,
Apr_2023,System 4,n_569,Sub-System 7,Node_565,,,,,,
Apr_2023,System 4,n_570,Sub-System 7,Node_566,,,,,,
Apr_2023,System 4,n_571,Sub-System 7,Node_567,,,,,,
Apr_2023,System 4,n_572,Sub-System 7,Node_568,,,,,,
Apr_2023,System 4,n_573,Sub-System 7,Node_569,,,,,,
Apr_2023,System 4,n_574,Sub-System 8,Node_570,,,,,,
Apr_2023,System 4,n_575,Sub-System 7,Node_571,,,,,,
Apr_2023,System 4,n_576,Sub-System 7,Node_572,,,,,,
Apr_2023,System 4,n_577,Sub-System 7,Node_573,,,,,,
Apr_2023,System 4,n_578,Sub-System 7,Node_574,,,,,,
Apr_2023,System 4,n_579,Sub-System 7,Node_575,,,,,,
Apr_2023,System 4,n_580,Sub-System 7,Node_576,,,,,,
Apr_2023,System 4,n_581,Sub-System 7,Node_577,,,,,,
Apr_2023,System 4,n_582,Sub-System 7,Node_578,,,,,,
Apr_2023,System 4,n_583,Sub-System 7,Node_579,,,,,,
Apr_2023,System 4,n_584,Sub-System 7,Node_580,,,,,,
Apr_2023,System 4,n_585,Sub-System 7,Node_581,,,,,,
Apr_2023,System 4,n_586,Sub-System 7,Node_582,,,,,,
Apr_2023,System 4,n_587,Sub-System 7,Node_583,,,,,,
Apr_2023,System 4,n_588,Sub-System 7,Node_584,,,,,,
Apr_2023,System 4,n_589,Sub-System 7,Node_585,,,,,,
Apr_2023,System 4,n_590,Sub-System 7,Node_586,,,,,,
Apr_2023,System 4,n_591,Sub-System 7,Node_587,,,,,,
Apr_2023,System 4,n_592,Sub-System 7,Node_588,,,,,,
Apr_2023,System 4,n_593,Sub-System 7,Node_589,,,,,,
Apr_2023,System 4,n_594,Sub-System 7,Node_590,,,,,,
Apr_2023,System 4,n_595,Sub-System 7,Node_591,,,,,,
Apr_2023,System 4,n_596,Sub-System 3,Node_592,,,,,,
Apr_2023,System 4,n_597,Sub-System 3,Node_593,,,,,,
Apr_2023,System 4,n_598,Sub-System 3,Node_594,,,,,,
Apr_2023,System 4,n_599,Sub-System 3,Node_595,,,,,,
Apr_2023,System 4,n_600,Sub-System 3,Node_596,,,,,,
Apr_2023,System 4,n_601,Sub-System 3,Node_597,,,,,,
Apr_2023,System 4,n_602,Sub-System 3,Node_598,,,,,,
Apr_2023,System 4,n_603,Sub-System 3,Node_599,,,,,,
Apr_2023,System 4,n_604,Sub-System 3,Node_600,,,,,,
Apr_2023,System 4,n_605,Sub-System 3,Node_601,,,,,,
Apr_2023,System 4,n_606,Sub-System 3,Node_602,,,,,,
Apr_2023,System 4,n_607,Sub-System 3,Node_603,,,,,,
Apr_2023,System 4,n_608,Sub-System 3,Node_604,,,,,,
Apr_2023,System 4,n_609,Sub-System 3,Node_605,,,,,,
Apr_2023,System 4,n_610,Sub-System 3,Node_606,,,,,,
Apr_2023,System 4,n_611,Sub-System 3,Node_607,,,,,,
Apr_2023,System 4,n_612,Sub-System 3,Node_608,,,,,,
Apr_2023,System 4,n_613,Sub-System 3,Node_609,,,,,,
Apr_2023,System 4,n_614,Sub-System 3,Node_610,,,,,,
Apr_2023,System 4,n_615,Sub-System 3,Node_611,,,,,,
Apr_2023,System 4,n_616,Sub-System 3,Node_612,,,,,,
Apr_2023,System 4,n_617,Sub-System 3,Node_613,,,,,,
Apr_2023,System 4,n_618,Sub-System 9,Node_614,,,,,,
Apr_2023,System 4,n_619,Sub-System 9,Node_615,,,,,,
Apr_2023,System 4,n_620,Sub-System 9,Node_616,,,,,,
Apr_2023,System 4,n_621,Sub-System 9,Node_617,,,,,,
Apr_2023,System 4,n_622,Sub-System 9,Node_618,,,,,,
Apr_2023,System 4,n_623,Sub-System 9,Node_619,,,,,,
Apr_2023,System 4,n_624,Sub-System 9,Node_620,,,,,,
Apr_2023,System 4,n_625,Sub-System 9,Node_621,,,,,,
Apr_2023,System 4,n_626,Sub-System 9,Node_622,,,,,,
Apr_2023,System 4,n_627,Sub-System 9,Node_623,,,,,,
Apr_2023,System 4,n_628,Sub-System 9,Node_624,,,,,,
Apr_2023,System 4,n_629,Sub-System 9,Node_625,,,,,,
Apr_2023,System 4,n_630,Sub-System 9,Node_626,,,,,,
Apr_2023,System 4,n_631,Sub-System 9,Node_627,,,,,,
Apr_2023,System 4,n_632,Sub-System 9,Node_628,,,,,,
Apr_2023,System 4,n_633,Sub-System 9,Node_629,,,,,,
Apr_2023,System 4,n_634,Sub-System 9,Node_630,,,,,,
Apr_2023,System 4,n_635,Sub-System 9,Node_631,,,,,,
Apr_2023,System 4,n_636,Sub-System 10,Node_632,,,,,,
Apr_2023,System 4,n_637,Sub-System 10,Node_633,,,,,,
Apr_2023,System 4,n_638,Sub-System 10,Node_634,,,,,,
Apr_2023,System 4,n_639,Sub-System 10,Node_635,,,,,,
Apr_2023,System 4,n_640,Sub-System 10,Node_636,,,,,,
Apr_2023,System 4,n_641,Sub-System 10,Node_637,,,,,,
Apr_2023,System 4,n_642,Sub-System 10,Node_638,,,,,,
Apr_2023,System 4,n_643,Sub-System 10,Node_639,,,,,,
Apr_2023,System 4,n_644,Sub-System 10,Node_640,,,,,,
Apr_2023,System 4,n_645,Sub-System 10,Node_641,,,,,,
Apr_2023,System 4,n_646,Sub-System 10,Node_642,,,,,,
Apr_2023,System 4,n_647,Sub-System 10,Node_643,,,,,,
Apr_2023,System 4,n_648,Sub-System 10,Node_644,,,,,,
Apr_2023,System 4,n_649,Sub-System 10,Node_645,,,,,,
Apr_2023,System 4,n_650,Sub-System 10,Node_646,,,,,,
Apr_2023,System 4,n_651,Sub-System 10,Node_647,,,,,,
Apr_2023,System 4,n_653,Sub-System 10,Node_648,,,,,,
Apr_2023,System 4,n_654,Sub-System 10,Node_649,,,,,,
Apr_2023,System 4,n_655,Sub-System 11,Node_650,,,,,,
Apr_2023,System 4,n_656,Sub-System 11,Node_651,,,,,,
Apr_2023,System 4,n_657,Sub-System 8,Node_652,,,,,,
Apr_2023,System 4,n_658,Sub-System 11,Node_653,,,,,,
Apr_2023,System 4,n_659,Sub-System 11,Node_654,,,,,,
Apr_2023,System 4,n_660,Sub-System 11,Node_655,,,,,,
Apr_2023,System 4,n_661,Sub-System 11,Node_656,,,,,,
Apr_2023,System 4,n_662,Sub-System 11,Node_657,,,,,,
Apr_2023,System 4,n_663,Sub-System 11,Node_658,,,,,,
Apr_2023,System 4,n_664,Sub-System 11,Node_659,,,,,,
Apr_2023,System 4,n_665,Sub-System 1,Node_660,,,,,,
Apr_2023,System 4,n_666,Sub-System 4,Node_661,,,,,,
Apr_2023,System 4,n_667,Sub-System 4,Node_662,,,,,,
Apr_2023,System 4,n_668,Sub-System 4,Node_663,,,,,,
Apr_2023,System 4,n_669,Sub-System 2,Node_664,,,,,,
Apr_2023,System 4,n_670,Sub-System 8,Node_665,,,,,,
Apr_2023,System 4,n_671,Sub-System 8,Node_666,,,,,,
Apr_2023,System 4,n_672,Sub-System 8,Node_667,,,,,,
Apr_2023,System 4,n_673,Sub-System 8,Node_668,,,,,,
Apr_2023,System 4,n_674,Sub-System 8,Node_669,,,,,,
Apr_2023,System 4,n_675,Sub-System 8,Node_670,,,,,,
Apr_2023,System 4,n_676,Sub-System 8,Node_671,,,,,,
Apr_2023,System 4,n_677,Sub-System 8,Node_672,,,,,,
Apr_2023,System 4,n_678,Sub-System 8,Node_673,,,,,,
Apr_2023,System 4,n_679,Sub-System 8,Node_674,,,,,,
Apr_2023,System 4,n_680,Sub-System 8,Node_675,,,,,,
Apr_2023,System 4,n_681,Sub-System 8,Node_676,,,,,,
Apr_2023,System 4,n_682,Sub-System 8,Node_677,,,,,,
Apr_2023,System 4,n_683,Sub-System 8,Node_678,,,,,,
Apr_2023,System 4,n_684,Sub-System 8,Node_679,,,,,,
Apr_2023,System 4,n_685,Sub-System 8,Node_680,,,,,,
Apr_2023,System 4,n_686,Sub-System 8,Node_681,,,,,,
Apr_2023,System 4,n_687,Sub-System 8,Node_682,,,,,,
Apr_2023,System 4,n_688,Sub-System 8,Node_683,,,,,,
Apr_2023,System 4,n_689,Sub-System 8,Node_684,,,,,,
Apr_2023,System 4,n_690,Sub-System 8,Node_685,,,,,,
Apr_2023,System 4,n_691,Sub-System 8,Node_686,,,,,,
Apr_2023,System 4,n_692,Sub-System 8,Node_687,,,,,,
Apr_2023,System 4,n_693,Sub-System 8,Node_688,,,,,,
Apr_2023,System 4,n_694,Sub-System 8,Node_689,,,,,,
Apr_2023,System 4,n_695,Sub-System 8,Node_690,,,,,,
Apr_2023,System 4,n_696,Sub-System 1,Node_691,,,,,,
Apr_2023,System 4,n_697,Sub-System 8,Node_692,,,,,,
Apr_2023,System 4,n_698,Sub-System 8,Node_693,,,,,,
Apr_2023,System 4,n_699,Sub-System 8,Node_694,,,,,,
Apr_2023,System 4,n_700,Sub-System 8,Node_695,,,,,,
Apr_2023,System 4,n_701,Sub-System 8,Node_696,,,,,,
Apr_2023,System 4,n_702,Sub-System 8,Node_697,,,,,,
Apr_2023,System 4,n_703,Sub-System 8,Node_698,,,,,,
Apr_2023,System 4,n_704,Sub-System 8,Node_699,,,,,,
Apr_2023,System 5,n_705,Sub-System 1,Node_700,,,,,,
Apr_2023,System 5,n_706,Sub-System 2,Node_701,,,,,,
Apr_2023,System 5,n_707,Sub-System 2,Node_702,,,,,,
Apr_2023,System 5,n_708,Sub-System 2,Node_703,,,,,,
Apr_2023,System 5,n_709,Sub-System 2,Node_704,,,,,,
Apr_2023,System 5,n_710,Sub-System 2,Node_705,,,,,,
Apr_2023,System 5,n_711,Sub-System 2,Node_706,,,,,,
Apr_2023,System 5,n_712,Sub-System 2,Node_707,,,,,,
Apr_2023,System 5,n_713,Sub-System 2,Node_708,,,,,,
Apr_2023,System 5,n_714,Sub-System 2,Node_709,,,,,,
Apr_2023,System 5,n_715,Sub-System 2,Node_710,,,,,,
Apr_2023,System 5,n_716,Sub-System 2,Node_711,,,,,,
Apr_2023,System 5,n_717,Sub-System 2,Node_712,,,,,,
Apr_2023,System 5,n_718,Sub-System 2,Node_713,,,,,,
Apr_2023,System 5,n_719,Sub-System 2,Node_714,,,,,,
Apr_2023,System 5,n_720,Sub-System 3,Node_715,,,,,,
Apr_2023,System 5,n_721,Sub-System 3,Node_716,,,,,,
Apr_2023,System 5,n_722,Sub-System 3,Node_717,,,,,,
Apr_2023,System 5,n_723,Sub-System 3,Node_718,,,,,,
Apr_2023,System 5,n_724,Sub-System 3,Node_719,,,,,,
Apr_2023,System 5,n_725,Sub-System 3,Node_720,,,,,,
Apr_2023,System 5,n_726,Sub-System 3,Node_721,,,,,,
Apr_2023,System 5,n_727,Sub-System 3,Node_722,,,,,,
Apr_2023,System 5,n_728,Sub-System 3,Node_723,,,,,,
Apr_2023,System 5,n_729,Sub-System 3,Node_724,,,,,,
Apr_2023,System 5,n_730,Sub-System 3,Node_725,,,,,,
Apr_2023,System 5,n_731,Sub-System 3,Node_726,,,,,,
Apr_2023,System 5,n_732,Sub-System 3,Node_727,,,,,,
Apr_2023,System 5,n_733,Sub-System 3,Node_728,,,,,,
Apr_2023,System 5,n_734,Sub-System 3,Node_729,,,,,,
Apr_2023,System 5,n_735,Sub-System 3,Node_730,,,,,,
Apr_2023,System 5,n_736,Sub-System 4,Node_731,,,,,,
Apr_2023,System 5,n_737,Sub-System 4,Node_732,,,,,,
Apr_2023,System 5,n_738,Sub-System 4,Node_733,,,,,,
Apr_2023,System 5,n_739,Sub-System 4,Node_734,,,,,,
Apr_2023,System 5,n_740,Sub-System 4,Node_735,,,,,,
Apr_2023,System 5,n_741,Sub-System 4,Node_736,,,,,,
Apr_2023,System 5,n_742,Sub-System 4,Node_737,,,,,,
Apr_2023,System 5,n_743,Sub-System 4,Node_738,,,,,,
Apr_2023,System 5,n_744,Sub-System 4,Node_739,,,,,,
Apr_2023,System 5,n_745,Sub-System 4,Node_740,,,,,,
Apr_2023,System 5,n_746,Sub-System 4,Node_741,,,,,,
Apr_2023,System 5,n_747,Sub-System 4,Node_742,,,,,,
Apr_2023,System 5,n_748,Sub-System 4,Node_743,,,,,,
Apr_2023,System 5,n_749,Sub-System 4,Node_744,,,,,,
Apr_2023,System 5,n_750,Sub-System 4,Node_745,,,,,,
Apr_2023,System 5,n_751,Sub-System 4,Node_746,,,,,,
Apr_2023,System 5,n_752,Sub-System 4,Node_747,,,,,,
Apr_2023,System 5,n_753,Sub-System 4,Node_748,,,,,,
Apr_2023,System 5,n_754,Sub-System 4,Node_749,,,,,,
Apr_2023,System 5,n_755,Sub-System 4,Node_750,,,,,,
Apr_2023,System 5,n_756,Sub-System 4,Node_751,,,,,,
Apr_2023,System 5,n_757,Sub-System 4,Node_752,,,,,,
Apr_2023,System 5,n_758,Sub-System 5,Node_753,,,,,,
Apr_2023,System 5,n_759,Sub-System 5,Node_754,,,,,,
Apr_2023,System 5,n_760,Sub-System 5,Node_755,,,,,,
Apr_2023,System 5,n_761,Sub-System 5,Node_756,,,,,,
Apr_2023,System 5,n_763,Sub-System 5,Node_757,,,,,,
Apr_2023,System 5,n_764,Sub-System 6,Node_758,,,,,,
Apr_2023,System 5,n_765,Sub-System 6,Node_759,,,,,,
Apr_2023,System 5,n_766,Sub-System 6,Node_760,,,,,,
Apr_2023,System 5,n_767,Sub-System 6,Node_761,,,,,,
Apr_2023,System 5,n_768,Sub-System 6,Node_762,,,,,,
Apr_2023,System 5,n_769,Sub-System 6,Node_763,,,,,,
Apr_2023,System 5,n_770,Sub-System 6,Node_764,,,,,,
Apr_2023,System 5,n_771,Sub-System 6,Node_765,,,,,,
Apr_2023,System 5,n_772,Sub-System 6,Node_766,,,,,,
Apr_2023,System 5,n_773,Sub-System 6,Node_767,,,,,,
Apr_2023,System 5,n_774,Sub-System 6,Node_768,,,,,,
Apr_2023,System 5,n_775,Sub-System 6,Node_769,,,,,,
Apr_2023,System 5,n_776,Sub-System 7,Node_770,,,,,,
Apr_2023,System 5,n_777,Sub-System 7,Node_771,,,,,,
Apr_2023,System 5,n_778,Sub-System 7,Node_772,,,,,,
Apr_2023,System 5,n_779,Sub-System 7,Node_773,,,,,,
Apr_2023,System 5,n_780,Sub-System 7,Node_774,,,,,,
Apr_2023,System 5,n_781,Sub-System 7,Node_775,,,,,,
Apr_2023,System 5,n_782,Sub-System 7,Node_776,,,,,,
Apr_2023,System 5,n_783,Sub-System 7,Node_777,,,,,,
Apr_2023,System 5,n_784,Sub-System 7,Node_778,,,,,,
Apr_2023,System 5,n_785,Sub-System 7,Node_779,,,,,,
Apr_2023,System 5,n_786,Sub-System 7,Node_780,,,,,,
Apr_2023,System 5,n_787,Sub-System 7,Node_781,,,,,,
Apr_2023,System 5,n_788,Sub-System 7,Node_782,,,,,,
Apr_2023,System 5,n_789,Sub-System 7,Node_783,,,,,,
Apr_2023,System 5,n_790,Sub-System 7,Node_784,,,,,,
Apr_2023,System 5,n_791,Sub-System 7,Node_785,,,,,,
Apr_2023,System 5,n_792,Sub-System 7,Node_786,,,,,,
Apr_2023,System 5,n_793,Sub-System 8,Node_787,,,,,,
Apr_2023,System 5,n_794,Sub-System 8,Node_788,,,,,,
Apr_2023,System 5,n_795,Sub-System 8,Node_789,,,,,,
Apr_2023,System 5,n_796,Sub-System 8,Node_790,,,,,,
Apr_2023,System 5,n_797,Sub-System 8,Node_791,,,,,,
Apr_2023,System 5,n_798,Sub-System 8,Node_792,,,,,,
Apr_2023,System 5,n_799,Sub-System 8,Node_793,,,,,,
Apr_2023,System 5,n_800,Sub-System 8,Node_794,,,,,,
Apr_2023,System 5,n_801,Sub-System 8,Node_795,,,,,,
Apr_2023,System 5,n_802,Sub-System 8,Node_796,,,,,,
Apr_2023,System 5,n_803,Sub-System 8,Node_797,,,,,,
Apr_2023,System 5,n_804,Sub-System 8,Node_798,,,,,,
Apr_2023,System 5,n_805,Sub-System 8,Node_799,,,,,,
Apr_2023,System 5,n_806,Sub-System 8,Node_800,,,,,,
Apr_2023,System 5,n_807,Sub-System 8,Node_801,,,,,,
Apr_2023,System 5,n_808,Sub-System 8,Node_802,,,,,,
Apr_2023,System 5,n_809,Sub-System 8,Node_803,,,,,,
Apr_2023,System 5,n_810,Sub-System 8,Node_804,,,,,,
Apr_2023,System 5,n_811,Sub-System 8,Node_805,,,,,,
Apr_2023,System 5,n_812,Sub-System 8,Node_806,,,,,,
Apr_2023,System 5,n_813,Sub-System 8,Node_807,,,,,,
Apr_2023,System 5,n_814,Sub-System 8,Node_808,,,,,,
Apr_2023,System 5,n_815,Sub-System 8,Node_809,,,,,,
Apr_2023,System 5,n_816,Sub-System 8,Node_810,,,,,,
Apr_2023,System 5,n_817,Sub-System 9,Node_811,,,,,,
Apr_2023,System 5,n_818,Sub-System 9,Node_812,,,,,,
Apr_2023,System 5,n_819,Sub-System 9,Node_813,,,,,,
Apr_2023,System 5,n_820,Sub-System 9,Node_814,,,,,,
Apr_2023,System 5,n_821,Sub-System 9,Node_815,,,,,,
Apr_2023,System 5,n_822,Sub-System 9,Node_816,,,,,,
Apr_2023,System 5,n_823,Sub-System 9,Node_817,,,,,,
Apr_2023,System 5,n_824,Sub-System 9,Node_818,,,,,,
Apr_2023,System 5,n_825,Sub-System 9,Node_819,,,,,,
Apr_2023,System 5,n_826,Sub-System 9,Node_820,,,,,,
Apr_2023,System 5,n_827,Sub-System 10,Node_821,,,,,,
Apr_2023,System 5,n_828,Sub-System 10,Node_822,,,,,,
Apr_2023,System 5,n_829,Sub-System 10,Node_823,,,,,,
Apr_2023,System 5,n_830,Sub-System 10,Node_824,,,,,,
Apr_2023,System 5,n_831,Sub-System 10,Node_825,,,,,,
Apr_2023,System 5,n_832,Sub-System 10,Node_826,,,,,,
Apr_2023,System 5,n_833,Sub-System 10,Node_827,,,,,,
Apr_2023,System 5,n_834,Sub-System 10,Node_828,,,,,,
Apr_2023,System 5,n_835,Sub-System 10,Node_829,,,,,,
Apr_2023,System 5,n_836,Sub-System 10,Node_830,,,,,,
Apr_2023,System 5,n_837,Sub-System 10,Node_831,,,,,,
Apr_2023,System 5,n_838,Sub-System 10,Node_832,,,,,,
Apr_2023,System 5,n_839,Sub-System 10,Node_833,,,,,,
Apr_2023,System 5,n_840,Sub-System 10,Node_834,,,,,,
Apr_2023,System 5,n_841,Sub-System 10,Node_835,,,,,,
Apr_2023,System 5,n_842,Sub-System 10,Node_836,,,,,,
Apr_2023,System 5,n_843,Sub-System 10,Node_837,,,,,,
Apr_2023,System 5,n_844,Sub-System 10,Node_838,,,,,,
Apr_2023,System 5,n_845,Sub-System 10,Node_839,,,,,,
Apr_2023,System 5,n_846,Sub-System 10,Node_840,,,,,,
Apr_2023,System 5,n_847,Sub-System 11,Node_841,,,,,,
Apr_2023,System 5,n_848,Sub-System 11,Node_842,,,,,,
Apr_2023,System 5,n_849,Sub-System 11,Node_843,,,,,,
Apr_2023,System 5,n_850,Sub-System 11,Node_844,,,,,,
Apr_2023,System 5,n_851,Sub-System 11,Node_845,,,,,,
Apr_2023,System 5,n_852,Sub-System 11,Node_846,,,,,,
Apr_2023,System 5,n_853,Sub-System 11,Node_847,,,,,,
Apr_2023,System 5,n_854,Sub-System 11,Node_848,,,,,,
Apr_2023,System 5,n_855,Sub-System 11,Node_849,,,,,,
Apr_2023,System 5,n_856,Sub-System 11,Node_850,,,,,,
Apr_2023,System 5,n_857,Sub-System 12,Node_851,,,,,,
Apr_2023,System 5,n_858,Sub-System 12,Node_852,,,,,,
Apr_2023,System 5,n_859,Sub-System 12,Node_853,,,,,,
Apr_2023,System 5,n_860,Sub-System 12,Node_854,,,,,,
Apr_2023,System 5,n_861,Sub-System 12,Node_855,,,,,,
Apr_2023,System 5,n_862,Sub-System 12,Node_856,,,,,,
Apr_2023,System 5,n_863,Sub-System 12,Node_857,,,,,,
Apr_2023,System 5,n_864,Sub-System 12,Node_858,,,,,,
Apr_2023,System 5,n_865,Sub-System 12,Node_859,,,,,,
Apr_2023,System 5,n_866,Sub-System 12,Node_860,,,,,,
Apr_2023,System 5,n_867,Sub-System 12,Node_861,,,,,,
Apr_2023,System 5,n_868,Sub-System 12,Node_862,,,,,,
Apr_2023,System 5,n_869,Sub-System 12,Node_863,,,,,,
Apr_2023,System 5,n_870,Sub-System 12,Node_864,,,,,,
Apr_2023,System 5,n_871,Sub-System 13,Node_865,,,,,,
Apr_2023,System 5,n_872,Sub-System 13,Node_866,,,,,,
Apr_2023,System 5,n_873,Sub-System 13,Node_867,,,,,,
Apr_2023,System 5,n_874,Sub-System 13,Node_868,,,,,,
Apr_2023,System 5,n_875,Sub-System 13,Node_869,,,,,,
Apr_2023,System 5,n_876,Sub-System 14,Node_870,,,,,,
Apr_2023,System 5,n_877,Sub-System 14,Node_871,,,,,,
Apr_2023,System 5,n_878,Sub-System 14,Node_872,,,,,,
Apr_2023,System 5,n_879,Sub-System 14,Node_873,,,,,,
Apr_2023,System 5,n_880,Sub-System 14,Node_874,,,,,,
